Organism Taxonomic ID	Organism Name	Assembly Accession	Source Database	Assembly Level	Assembly Stats Total Sequence Length	Assembly Refseq Category	Assembly Status	Assembly Release Date
45577	[Candida] psychrophila	GCA_900186205.1	SOURCE_DATABASE_GENBANK	Contig	11241723	reference genome	current	2017-06-20
345914	Agrostis castellana	GCA_050573615.1	SOURCE_DATABASE_GENBANK	Scaffold	2089070981	reference genome	current	2025-05-26
1053324	Agrostis congestiflora	GCA_050573515.1	SOURCE_DATABASE_GENBANK	Scaffold	1737748760	reference genome	current	2025-05-26
63632	Agrostis stolonifera	GCA_052724335.1	SOURCE_DATABASE_GENBANK	Chromosome	2738132926	reference genome	current	2025-09-19
63632	Agrostis stolonifera	GCA_052724435.1	SOURCE_DATABASE_GENBANK	Chromosome	2690800965		current	2025-09-19
585988	Amara aenea	GCA_973350105.1	SOURCE_DATABASE_GENBANK	Chromosome	880371727	reference genome	current	2025-10-26
585988	Amara aenea	GCA_973897575.1	SOURCE_DATABASE_GENBANK	Scaffold	779723446		current	2025-10-27
346692	Amara ovata	GCA_965279835.1	SOURCE_DATABASE_GENBANK	Chromosome	812765457	reference genome	current	2025-05-10
346692	Amara ovata	GCA_965279875.1	SOURCE_DATABASE_GENBANK	Chromosome	806519216		current	2025-05-10
2890055	Androsace saussurei	GCA_964267185.3	SOURCE_DATABASE_GENBANK	Chromosome	412629385	reference genome	current	2025-02-28
2890055	Androsace saussurei	GCA_964267195.1	SOURCE_DATABASE_GENBANK	Chromosome	375279831		current	2024-09-28
118891	Anthyllis vulneraria	GCA_965615755.1	SOURCE_DATABASE_GENBANK	Chromosome	334471635	reference genome	current	2025-07-08
118891	Anthyllis vulneraria	GCA_965615695.1	SOURCE_DATABASE_GENBANK	Scaffold	342591967		current	2025-07-07
50452	Arabis alpina	GCA_900128785.1	SOURCE_DATABASE_GENBANK	Chromosome	311642060	reference genome	current	2016-12-31
50452	Arabis alpina	GCA_000612745.1	SOURCE_DATABASE_GENBANK	Contig	171788040		current	2014-04-01
50452	Arabis alpina	GCA_000733195.1	SOURCE_DATABASE_GENBANK	Chromosome	308032609		current	2014-08-12
50452	Arabis alpina	GCA_014578035.1	SOURCE_DATABASE_GENBANK	Scaffold	268142023		current	2020-09-15
78191	Arabis hirsuta	GCA_964056655.1	SOURCE_DATABASE_GENBANK	Chromosome	582665844	reference genome	current	2024-05-17
78191	Arabis hirsuta	GCA_964056645.1	SOURCE_DATABASE_GENBANK	Scaffold	576854027		current	2024-05-18
746018	Arabis montbretiana	GCA_001484125.2	SOURCE_DATABASE_GENBANK	Chromosome	257630540	reference genome	current	2021-10-04
586526	Arabis nemorensis	GCA_976985625.1	SOURCE_DATABASE_GENBANK	Chromosome	245093670	reference genome	current	2025-11-04
586526	Arabis nemorensis	GCA_902206195.3	SOURCE_DATABASE_GENBANK	Scaffold	192127358		current	2019-08-15
571359	Arabis nordmanniana	GCA_001484925.1	SOURCE_DATABASE_GENBANK	Scaffold	342306570		current	2016-01-04
35608	Artemisia annua	GCA_014162995.1	SOURCE_DATABASE_GENBANK	Scaffold	1793396406	reference genome	current	2020-08-11
35608	Artemisia annua	GCA_003112345.1	SOURCE_DATABASE_GENBANK	Scaffold	1789874483		current	2018-05-08
35608	Artemisia annua	GCA_038048965.1	SOURCE_DATABASE_GENBANK	Scaffold	1455799472		current	2024-04-10
259893	Artemisia argyi	GCA_030686995.1	SOURCE_DATABASE_GENBANK	Chromosome	8003642285	reference genome	current	2023-08-09
259893	Artemisia argyi	GCA_028659345.1	SOURCE_DATABASE_GENBANK	Contig	4150407504		current	2023-02-16
259893	Artemisia argyi	GCA_029874665.1	SOURCE_DATABASE_GENBANK	Scaffold	7250363587		current	2023-04-26
1903206	Artemisia ifranensis	GCA_040967555.1	SOURCE_DATABASE_GENBANK	Scaffold	504057538	reference genome	current	2024-07-30
86312	Artemisia ludoviciana	GCA_034509245.1	SOURCE_DATABASE_GENBANK	Scaffold	1019983879	reference genome	current	2023-12-21
223870	Artemisia princeps	GCA_035048425.1	SOURCE_DATABASE_GENBANK	Scaffold	591186982	reference genome	current	2024-01-03
525641	Artemisia tridentata subsp. tridentata	GCA_037465115.1	SOURCE_DATABASE_GENBANK	Chromosome	3593360174	reference genome	current	2024-03-22
525641	Artemisia tridentata subsp. tridentata	GCA_021014915.2	SOURCE_DATABASE_GENBANK	Chromosome	3931944258		current	2024-03-22
525641	Artemisia tridentata subsp. tridentata	GCA_023558565.1	SOURCE_DATABASE_GENBANK	Chromosome	4198573187		current	2022-05-31
525641	Artemisia tridentata subsp. tridentata	GCA_037463035.1	SOURCE_DATABASE_GENBANK	Chromosome	3930344960		current	2024-03-22
866018	Atheta pasadenae	GCA_030264155.1	SOURCE_DATABASE_GENBANK	Scaffold	230256031	reference genome	current	2023-06-13
1521163	Baetis atlanticus	GCA_977112325.1	SOURCE_DATABASE_GENBANK	Chromosome	199869330	reference genome	current	2026-01-18
189839	Baetis rhodani	GCA_001676355.1	SOURCE_DATABASE_GENBANK	Contig	174117300	reference genome	current	2016-06-24
203270	Berberis aquifolium	GCA_965233575.1	SOURCE_DATABASE_GENBANK	Chromosome	1020928172	reference genome	current	2025-04-03
203270	Berberis aquifolium	GCA_965233435.1	SOURCE_DATABASE_GENBANK	Chromosome	1046952764		current	2025-04-03
121720	Berberis thunbergii	GCA_003290165.1	SOURCE_DATABASE_GENBANK	Contig	2240736797	reference genome	current	2018-07-06
258209	Berberis vulgaris	GCA_963556465.1	SOURCE_DATABASE_GENBANK	Chromosome	1297525870	reference genome	current	2023-10-17
258209	Berberis vulgaris	GCA_963556485.1	SOURCE_DATABASE_GENBANK	Scaffold	898797719		current	2023-10-17
405021	Boloria aquilonaris	GCA_964270775.1	SOURCE_DATABASE_GENBANK	Chromosome	415842648	reference genome	current	2024-09-29
405021	Boloria aquilonaris	GCA_964271245.1	SOURCE_DATABASE_GENBANK	Scaffold	390140689		current	2024-09-29
995051	Boloria caucasica	GCA_964332085.1	SOURCE_DATABASE_GENBANK	Chromosome	341488785	reference genome	current	2024-11-08
995051	Boloria caucasica	GCA_964332185.1	SOURCE_DATABASE_GENBANK	Scaffold	339116937		current	2024-11-07
1943797	Boloria chariclea	GCA_977013735.1	SOURCE_DATABASE_GENBANK	Chromosome	497730790	reference genome	current	2025-11-07
1943797	Boloria chariclea	GCA_977014325.1	SOURCE_DATABASE_GENBANK	Chromosome	459831484		current	2025-10-31
596532	Boloria dia	GCA_964264805.1	SOURCE_DATABASE_GENBANK	Chromosome	366127185	reference genome	current	2024-09-21
596532	Boloria dia	GCA_964264855.1	SOURCE_DATABASE_GENBANK	Scaffold	333502015		current	2024-09-21
405022	Boloria eunomia	GCA_966096485.1	SOURCE_DATABASE_GENBANK	Chromosome	444776941	reference genome	current	2025-08-23
405022	Boloria eunomia	GCA_966080635.1	SOURCE_DATABASE_GENBANK	Scaffold	397251907		current	2025-08-12
405023	Boloria euphrosyne	GCA_951802675.2	SOURCE_DATABASE_GENBANK	Chromosome	400436497	reference genome	current	2023-07-14
405023	Boloria euphrosyne	GCA_951802665.2	SOURCE_DATABASE_GENBANK	Contig	381122580		current	2023-07-15
596533	Boloria freija	GCA_964273495.1	SOURCE_DATABASE_GENBANK	Chromosome	462773524	reference genome	current	2024-10-04
596533	Boloria freija	GCA_964273415.1	SOURCE_DATABASE_GENBANK	Scaffold	415205584		current	2024-10-03
596534	Boloria frigga	GCA_964273715.1	SOURCE_DATABASE_GENBANK	Chromosome	395422787	reference genome	current	2024-10-05
596534	Boloria frigga	GCA_964273685.1	SOURCE_DATABASE_GENBANK	Scaffold	376604154		current	2024-10-04
405024	Boloria pales	GCA_964275235.1	SOURCE_DATABASE_GENBANK	Chromosome	382992164	reference genome	current	2024-10-28
405024	Boloria pales	GCA_964275315.1	SOURCE_DATABASE_GENBANK	Scaffold	364877733		current	2024-10-25
191398	Boloria selene	GCA_905231865.2	SOURCE_DATABASE_GENBANK	Chromosome	399902484	reference genome	current	2021-03-24
191398	Boloria selene	GCA_905231875.1	SOURCE_DATABASE_GENBANK	Scaffold	326647194		current	2021-02-20
977896	Boloria thore	GCA_964338675.1	SOURCE_DATABASE_GENBANK	Chromosome	427953672	reference genome	current	2024-11-09
977896	Boloria thore	GCA_964338665.1	SOURCE_DATABASE_GENBANK	Scaffold	366633305		current	2024-11-08
596536	Boloria titania	GCA_964270595.1	SOURCE_DATABASE_GENBANK	Chromosome	496638844	reference genome	current	2024-09-29
596536	Boloria titania	GCA_964270805.1	SOURCE_DATABASE_GENBANK	Scaffold	454077739		current	2024-09-29
309941	Bombus affinis	GCF_024516045.1	SOURCE_DATABASE_REFSEQ	Chromosome	365123313	reference genome	current	2022-08-05
309941	Bombus affinis	GCA_024516045.2	SOURCE_DATABASE_GENBANK	Chromosome	365123313	reference genome	current	2022-08-05
85657	Bombus balteatus	GCA_019201815.1	SOURCE_DATABASE_GENBANK	Contig	250065621	reference genome	current	2021-07-13
203806	Bombus bellicosus	GCA_048430905.1	SOURCE_DATABASE_GENBANK	Scaffold	460796463	reference genome	current	2025-05-01
103933	Bombus bifarius	GCF_011952205.1	SOURCE_DATABASE_REFSEQ	Scaffold	266784621	reference genome	current	2020-04-03
103933	Bombus bifarius	GCA_011952205.1	SOURCE_DATABASE_GENBANK	Scaffold	266784621	reference genome	current	2020-04-03
309944	Bombus bimaculatus	GCA_050437405.1	SOURCE_DATABASE_GENBANK	Chromosome	334463107	reference genome	current	2025-05-19
309944	Bombus bimaculatus	GCA_050437415.1	SOURCE_DATABASE_GENBANK	Contig	279424156		current	2025-05-19
395515	Bombus breviceps	GCA_014825925.1	SOURCE_DATABASE_GENBANK	Chromosome	248124274	reference genome	current	2020-10-02
207624	Bombus campestris	GCA_905333015.3	SOURCE_DATABASE_GENBANK	Chromosome	275239257	reference genome	current	2022-10-16
217217	Bombus confusus	GCA_014737475.1	SOURCE_DATABASE_GENBANK	Scaffold	239101172	reference genome	current	2020-09-25
130686	Bombus consobrinus	GCA_014737455.1	SOURCE_DATABASE_GENBANK	Scaffold	249068899	reference genome	current	2020-09-25
2562068	Bombus cullumanus	GCA_014737535.1	SOURCE_DATABASE_GENBANK	Scaffold	246986414	reference genome	current	2020-09-25
85658	Bombus dahlbomii	GCA_037178635.1	SOURCE_DATABASE_GENBANK	Chromosome	274050013	reference genome	current	2024-03-18
395520	Bombus difficillimus	GCA_014737525.1	SOURCE_DATABASE_GENBANK	Scaffold	243560081	reference genome	current	2020-09-25
203811	Bombus fervidus	GCF_041682495.2	SOURCE_DATABASE_REFSEQ	Chromosome	314276726	reference genome	current	2025-04-10
203811	Bombus fervidus	GCA_041682495.2	SOURCE_DATABASE_GENBANK	Chromosome	314276726	reference genome	current	2025-04-10
103934	Bombus flavifrons	GCF_040668555.1	SOURCE_DATABASE_REFSEQ	Scaffold	310456995	reference genome	current	2024-07-12
103934	Bombus flavifrons	GCA_040668555.2	SOURCE_DATABASE_GENBANK	Chromosome	310456995	reference genome	current	2024-12-13
103934	Bombus flavifrons	GCA_040668535.1	SOURCE_DATABASE_GENBANK	Contig	290244952		current	2024-07-12
103934	Bombus flavifrons	GCA_040668555.1	SOURCE_DATABASE_GENBANK	Scaffold	310456995		previous	2024-07-12
207634	Bombus griseocollis	GCA_050437465.1	SOURCE_DATABASE_GENBANK	Chromosome	551596204	reference genome	current	2025-05-19
207634	Bombus griseocollis	GCA_050437445.1	SOURCE_DATABASE_GENBANK	Contig	439617618		current	2025-05-19
207636	Bombus haemorrhoidalis	GCA_014825975.1	SOURCE_DATABASE_GENBANK	Chromosome	240538686	reference genome	current	2020-10-02
85660	Bombus hortorum	GCA_905332935.1	SOURCE_DATABASE_GENBANK	Chromosome	296297395	reference genome	current	2021-03-19
85660	Bombus hortorum	GCA_905333095.1	SOURCE_DATABASE_GENBANK	Contig	14173259		current	2021-03-19
85661	Bombus huntii	GCF_024542735.1	SOURCE_DATABASE_REFSEQ	Chromosome	317402180	reference genome	current	2022-08-09
85661	Bombus huntii	GCA_024542735.1	SOURCE_DATABASE_GENBANK	Chromosome	317402180	reference genome	current	2022-08-09
30191	Bombus hypnorum	GCA_911387925.2	SOURCE_DATABASE_GENBANK	Chromosome	297334159	reference genome	current	2022-10-14
130704	Bombus ignitus	GCA_014825875.1	SOURCE_DATABASE_GENBANK	Chromosome	242565149	reference genome	current	2020-10-02
132113	Bombus impatiens	GCF_000188095.3	SOURCE_DATABASE_REFSEQ	Scaffold	246856484	reference genome	current	2011-09-22
132113	Bombus impatiens	GCA_000188095.4	SOURCE_DATABASE_GENBANK	Scaffold	246856484	reference genome	current	2011-09-22
132113	Bombus impatiens	GCA_043295415.1	SOURCE_DATABASE_GENBANK	Chromosome	266572400		current	2024-10-17
85663	Bombus jonellus	GCA_964197665.1	SOURCE_DATABASE_GENBANK	Chromosome	357895888	reference genome	current	2024-07-03
85663	Bombus jonellus	GCA_964197655.1	SOURCE_DATABASE_GENBANK	Contig	341283758		current	2024-07-03
1164557	Bombus lantschouensis	GCA_054051615.1	SOURCE_DATABASE_GENBANK	Chromosome	253016168	reference genome	current	2025-12-17
30192	Bombus lapidarius	GCA_964186655.1	SOURCE_DATABASE_GENBANK	Chromosome	368463147	reference genome	current	2024-06-07
30192	Bombus lapidarius	GCA_936014575.1	SOURCE_DATABASE_GENBANK	Contig	354349867		current	2022-09-13
30192	Bombus lapidarius	GCA_964186665.1	SOURCE_DATABASE_GENBANK	Contig	344570775		current	2024-06-07
30193	Bombus lucorum	GCA_965261305.1	SOURCE_DATABASE_GENBANK	Chromosome	360640413	reference genome	current	2025-04-27
30193	Bombus lucorum	GCA_965262655.1	SOURCE_DATABASE_GENBANK	Contig	326830821		current	2025-04-27
103936	Bombus monticola	GCA_965178685.1	SOURCE_DATABASE_GENBANK	Chromosome	306985611	reference genome	current	2025-03-04
103936	Bombus monticola	GCA_965178715.1	SOURCE_DATABASE_GENBANK	Contig	271094297		current	2025-03-04
203813	Bombus muscorum	GCA_963971185.1	SOURCE_DATABASE_GENBANK	Chromosome	317676412	reference genome	current	2024-03-04
203813	Bombus muscorum	GCA_963971125.1	SOURCE_DATABASE_GENBANK	Contig	286420129		current	2024-03-04
2024865	Bombus opulentus	GCA_034509555.1	SOURCE_DATABASE_GENBANK	Chromosome	234159873	reference genome	current	2023-12-26
2024865	Bombus opulentus	GCA_014737405.1	SOURCE_DATABASE_GENBANK	Scaffold	242353651		current	2020-09-24
65598	Bombus pascuorum	GCF_905332965.1	SOURCE_DATABASE_REFSEQ	Chromosome	307548333	reference genome	current	2021-03-19
65598	Bombus pascuorum	GCA_905332965.1	SOURCE_DATABASE_GENBANK	Chromosome	307548333	reference genome	current	2021-03-19
65598	Bombus pascuorum	GCA_905332995.1	SOURCE_DATABASE_GENBANK	Scaffold	276214278		current	2021-03-20
130707	Bombus patagiatus	GCA_054051605.1	SOURCE_DATABASE_GENBANK	Chromosome	251949246	reference genome	current	2025-12-17
1196864	Bombus pauloensis	GCA_051167325.1	SOURCE_DATABASE_GENBANK	Chromosome	239382016	reference genome	current	2025-07-01
28643	Bombus pensylvanicus	GCA_051853225.1	SOURCE_DATABASE_GENBANK	Chromosome	352574228	reference genome	current	2025-08-06
28643	Bombus pensylvanicus	GCA_051853235.1	SOURCE_DATABASE_GENBANK	Contig	321186238		current	2025-08-06
309970	Bombus picipes	GCA_014737485.1	SOURCE_DATABASE_GENBANK	Scaffold	253987937	reference genome	current	2020-09-25
130708	Bombus polaris	GCA_014737335.1	SOURCE_DATABASE_GENBANK	Scaffold	245790074	reference genome	current	2020-09-24
30194	Bombus pratorum	GCA_930367275.1	SOURCE_DATABASE_GENBANK	Chromosome	285050844	reference genome	current	2022-02-13
30194	Bombus pratorum	GCA_930367225.1	SOURCE_DATABASE_GENBANK	Contig	260647694		current	2022-02-13
85668	Bombus pullatus	GCA_051167345.1	SOURCE_DATABASE_GENBANK	Chromosome	240131250	reference genome	current	2025-07-01
396416	Bombus pyrosoma	GCF_014825855.1	SOURCE_DATABASE_REFSEQ	Chromosome	254804690	reference genome	current	2020-10-02
396416	Bombus pyrosoma	GCA_014825855.1	SOURCE_DATABASE_GENBANK	Chromosome	254804690	reference genome	current	2020-10-02
207645	Bombus ruderatus	GCA_977009165.1	SOURCE_DATABASE_GENBANK	Chromosome	262639401	reference genome	current	2025-10-19
309971	Bombus rufofasciatus	GCA_040285845.1	SOURCE_DATABASE_GENBANK	Chromosome	263124202	reference genome	current	2024-06-28
421273	Bombus sibiricus	GCA_014737505.1	SOURCE_DATABASE_GENBANK	Scaffold	262420024	reference genome	current	2020-09-25
395565	Bombus skorikovi	GCA_014737355.1	SOURCE_DATABASE_GENBANK	Scaffold	242038170	reference genome	current	2020-09-24
203818	Bombus sonorus	GCA_029958995.1	SOURCE_DATABASE_GENBANK	Scaffold	376797674	reference genome	current	2023-05-09
203818	Bombus sonorus	GCA_029959005.1	SOURCE_DATABASE_GENBANK	Scaffold	328559175		current	2023-05-09
184059	Bombus soroeensis	GCA_014737365.1	SOURCE_DATABASE_GENBANK	Scaffold	243573539	reference genome	current	2020-09-24
1869276	Bombus superbus	GCA_014737385.1	SOURCE_DATABASE_GENBANK	Scaffold	230139620	reference genome	current	2020-09-24
30201	Bombus sylvestris	GCA_911622165.2	SOURCE_DATABASE_GENBANK	Chromosome	302565711	reference genome	current	2022-10-15
309975	Bombus sylvicola	GCA_019677175.1	SOURCE_DATABASE_GENBANK	Contig	252081862	reference genome	current	2021-08-18
30195	Bombus terrestris	GCF_910591885.1	SOURCE_DATABASE_REFSEQ	Chromosome	392962041	reference genome	current	2022-02-09
30195	Bombus terrestris	GCF_000214255.1	SOURCE_DATABASE_REFSEQ	Chromosome	248654244		suppressed	2011-06-03
30195	Bombus terrestris	GCA_000214255.1	SOURCE_DATABASE_GENBANK	Chromosome	248654244		current	2011-06-03
30195	Bombus terrestris	GCA_910591885.2	SOURCE_DATABASE_GENBANK	Chromosome	392962041	reference genome	current	2022-02-09
30195	Bombus terrestris	GCA_910592195.2	SOURCE_DATABASE_GENBANK	Contig	320664292		current	2022-02-09
686820	Bombus turneri	GCA_014825825.1	SOURCE_DATABASE_GENBANK	Chromosome	243111512	reference genome	current	2020-10-02
2705178	Bombus vancouverensis nearcticus	GCF_051014615.1	SOURCE_DATABASE_REFSEQ	Chromosome	345734396	reference genome	current	2025-06-20
2705178	Bombus vancouverensis nearcticus	GCF_011952275.1	SOURCE_DATABASE_REFSEQ	Scaffold	282133710		suppressed	2020-04-03
2705178	Bombus vancouverensis nearcticus	GCA_011952275.1	SOURCE_DATABASE_GENBANK	Scaffold	282133710		current	2020-04-03
2705178	Bombus vancouverensis nearcticus	GCA_051014605.1	SOURCE_DATABASE_GENBANK	Contig	330191986		current	2025-06-20
2705178	Bombus vancouverensis nearcticus	GCA_051014615.1	SOURCE_DATABASE_GENBANK	Chromosome	345734396	reference genome	current	2025-06-20
30202	Bombus vestalis	GCA_963556215.1	SOURCE_DATABASE_GENBANK	Chromosome	280008802	reference genome	current	2023-10-10
207650	Bombus vosnesenskii	GCF_011952255.1	SOURCE_DATABASE_REFSEQ	Scaffold	275577952	reference genome	current	2020-04-03
207650	Bombus vosnesenskii	GCA_011952255.1	SOURCE_DATABASE_GENBANK	Scaffold	275577952	reference genome	current	2020-04-03
207650	Bombus vosnesenskii	GCA_026744215.1	SOURCE_DATABASE_GENBANK	Scaffold	478827314		current	2022-12-08
395577	Bombus waltoni	GCA_014737395.1	SOURCE_DATABASE_GENBANK	Scaffold	231149577	reference genome	current	2020-09-24
198258	Camisia spinifer	GCA_034694065.1	SOURCE_DATABASE_GENBANK	Contig	373715713	reference genome	current	2023-12-27
649659	Campanula jacobaea	GCA_040965415.1	SOURCE_DATABASE_GENBANK	Scaffold	859415109	reference genome	current	2024-07-30
989334	Campanula takesimana	GCA_026119855.1	SOURCE_DATABASE_GENBANK	Scaffold	1621268297	reference genome	current	2022-11-10
3023605	Carabus banonii	GCA_964291765.2	SOURCE_DATABASE_GENBANK	Chromosome	207772213	reference genome	current	2025-04-04
49296	Carabus blaptoides fortunei	GCA_050785175.1	SOURCE_DATABASE_GENBANK	Scaffold	187946950	reference genome	current	2025-01-11
135145	Carabus depressus	GCA_048127345.1	SOURCE_DATABASE_GENBANK	Contig	190418360	reference genome	current	2025-02-26
49291	Carabus problematicus	GCA_963422195.1	SOURCE_DATABASE_GENBANK	Chromosome	253953210	reference genome	current	2023-09-11
49291	Carabus problematicus	GCA_963422185.1	SOURCE_DATABASE_GENBANK	Scaffold	241249158		current	2023-09-03
209733	Carabus staehlini	GCA_977013385.1	SOURCE_DATABASE_GENBANK	Chromosome	203423487	reference genome	current	2025-11-07
140783	Carex acutiformis	GCA_964417155.2	SOURCE_DATABASE_GENBANK	Chromosome	411490426	reference genome	current	2025-10-26
140783	Carex acutiformis	GCA_964417035.2	SOURCE_DATABASE_GENBANK	Scaffold	421249982		current	2025-10-26
234466	Carex arenaria	GCA_964058765.1	SOURCE_DATABASE_GENBANK	Chromosome	352283283	reference genome	current	2024-06-05
234466	Carex arenaria	GCA_964058825.1	SOURCE_DATABASE_GENBANK	Scaffold	313565395		current	2024-05-21
502401	Carex caryophyllea	GCA_964339005.2	SOURCE_DATABASE_GENBANK	Chromosome	528340720	reference genome	current	2025-10-18
502401	Carex caryophyllea	GCA_964338955.2	SOURCE_DATABASE_GENBANK	Scaffold	529759104		current	2025-10-26
314410	Carex cristatella	GCA_024447775.1	SOURCE_DATABASE_GENBANK	Scaffold	301638393	reference genome	current	2022-07-26
234461	Carex depauperata	GCA_964197715.1	SOURCE_DATABASE_GENBANK	Chromosome	702595164	reference genome	current	2024-07-06
234461	Carex depauperata	GCA_964197725.1	SOURCE_DATABASE_GENBANK	Contig	13510833		current	2024-07-04
241205	Carex distans	GCA_964659625.2	SOURCE_DATABASE_GENBANK	Chromosome	356706902	reference genome	current	2025-10-26
241205	Carex distans	GCA_964659655.2	SOURCE_DATABASE_GENBANK	Scaffold	363683705		current	2025-10-26
240680	Carex divulsa	GCA_964058785.1	SOURCE_DATABASE_GENBANK	Chromosome	388301220	reference genome	current	2024-06-05
240680	Carex divulsa	GCA_964058895.1	SOURCE_DATABASE_GENBANK	Contig	1730602		current	2024-05-21
234467	Carex echinata	GCA_965279795.1	SOURCE_DATABASE_GENBANK	Chromosome	378733845	reference genome	current	2025-05-10
234467	Carex echinata	GCA_965279845.1	SOURCE_DATABASE_GENBANK	Scaffold	369808596		current	2025-05-10
241206	Carex elata	GCA_965260875.2	SOURCE_DATABASE_GENBANK	Chromosome	414860826	reference genome	current	2025-11-06
241206	Carex elata	GCA_965260805.2	SOURCE_DATABASE_GENBANK	Scaffold	412354392		current	2025-11-06
241207	Carex extensa	GCA_964341605.1	SOURCE_DATABASE_GENBANK	Chromosome	312151058	reference genome	current	2024-11-28
241207	Carex extensa	GCA_964341625.1	SOURCE_DATABASE_GENBANK	Scaffold	308422035		current	2024-11-27
15193	Carex hirta	GCA_965112215.1	SOURCE_DATABASE_GENBANK	Chromosome	334500218	reference genome	current	2025-01-23
15193	Carex hirta	GCA_965112195.1	SOURCE_DATABASE_GENBANK	Scaffold	331113708		current	2025-01-23
372269	Carex hochstetteriana	GCA_051253675.1	SOURCE_DATABASE_GENBANK	Scaffold	444050464	reference genome	current	2025-07-08
100296	Carex kokanica	GCA_025461125.1	SOURCE_DATABASE_GENBANK	Contig	673403748	reference genome	current	2022-09-28
372271	Carex laevigata	GCA_964214065.1	SOURCE_DATABASE_GENBANK	Chromosome	376542772	reference genome	current	2024-08-26
372271	Carex laevigata	GCA_964214055.1	SOURCE_DATABASE_GENBANK	Contig	217593215		current	2024-08-27
544730	Carex littledalei	GCA_011114355.1	SOURCE_DATABASE_GENBANK	Chromosome	373852675	reference genome	current	2020-03-17
140873	Carex myosuroides	GCA_028015225.1	SOURCE_DATABASE_GENBANK	Chromosome	412684279	reference genome	current	2023-01-31
234464	Carex nigra	GCA_965278315.1	SOURCE_DATABASE_GENBANK	Chromosome	417602660	reference genome	current	2025-05-08
234464	Carex nigra	GCA_965278325.1	SOURCE_DATABASE_GENBANK	Scaffold	412781545		current	2025-05-07
544733	Carex parvula	GCA_025461045.1	SOURCE_DATABASE_GENBANK	Scaffold	776830109	reference genome	current	2022-09-28
312760	Carex pendula	GCA_964058885.1	SOURCE_DATABASE_GENBANK	Chromosome	362260125	reference genome	current	2024-06-05
312760	Carex pendula	GCA_040967455.1	SOURCE_DATABASE_GENBANK	Scaffold	337596660		current	2024-07-30
312760	Carex pendula	GCA_964058855.1	SOURCE_DATABASE_GENBANK	Contig	2653880		current	2024-05-21
418179	Carex pumila	GCA_033356055.1	SOURCE_DATABASE_GENBANK	Contig	346579715	reference genome	current	2023-11-06
312762	Carex punctata	GCA_051252855.1	SOURCE_DATABASE_GENBANK	Scaffold	608939886	reference genome	current	2025-07-08
312765	Carex riparia	GCA_964374305.2	SOURCE_DATABASE_GENBANK	Chromosome	418508304	reference genome	current	2025-10-26
312765	Carex riparia	GCA_964374325.2	SOURCE_DATABASE_GENBANK	Scaffold	411139965		current	2025-10-26
241230	Carex rostrata	GCF_964058835.1	SOURCE_DATABASE_REFSEQ	Chromosome	380999594	reference genome	current	2024-11-21
241230	Carex rostrata	GCA_964058835.2	SOURCE_DATABASE_GENBANK	Chromosome	380999594	reference genome	current	2024-11-21
241230	Carex rostrata	GCA_964058875.1	SOURCE_DATABASE_GENBANK	Contig	378280700		current	2024-05-21
314463	Carex scoparia	GCA_024447655.1	SOURCE_DATABASE_GENBANK	Scaffold	298037631	reference genome	current	2022-07-26
240682	Carex spicata	GCA_977035945.1	SOURCE_DATABASE_GENBANK	Chromosome	385537290	reference genome	current	2025-11-13
240682	Carex spicata	GCA_977035845.1	SOURCE_DATABASE_GENBANK	Scaffold	32121194		current	2025-11-13
241234	Carex sylvatica	GCA_964058815.1	SOURCE_DATABASE_GENBANK	Chromosome	363239751	reference genome	current	2024-06-05
241234	Carex sylvatica	GCA_964058845.1	SOURCE_DATABASE_GENBANK	Contig	64072641		current	2024-05-21
346753	Catops nigricans	GCA_965642125.1	SOURCE_DATABASE_GENBANK	Chromosome	209696841	reference genome	current	2025-07-18
346753	Catops nigricans	GCA_965642105.1	SOURCE_DATABASE_GENBANK	Chromosome	204695938		current	2025-07-18
1519100	Ceratophysella communis	GCA_046718835.1	SOURCE_DATABASE_GENBANK	Chromosome	184936209	reference genome	current	2025-01-17
1519100	Ceratophysella communis	GCA_009869905.1	SOURCE_DATABASE_GENBANK	Scaffold	162375375		current	2020-01-14
928250	Ceratophysella denticulata	GCA_034694925.1	SOURCE_DATABASE_GENBANK	Contig	217525557	reference genome	current	2023-12-27
1218962	Ceratophysella granulata	GCA_034694905.1	SOURCE_DATABASE_GENBANK	Contig	212383277	reference genome	current	2023-12-27
2905844	Ceratophysella scotica	GCA_034694025.1	SOURCE_DATABASE_GENBANK	Contig	258688745	reference genome	current	2023-12-27
1218965	Ceratophysella sigillata	GCA_034693865.1	SOURCE_DATABASE_GENBANK	Contig	198128986	reference genome	current	2023-12-27
127563	Chrysochromulina parva	GCA_002887195.1	SOURCE_DATABASE_GENBANK	Contig	65752923	reference genome	current	2018-01-17
1460289	Chrysochromulina tobinii	GCA_001275005.1	SOURCE_DATABASE_GENBANK	Contig	59073094	reference genome	current	2015-08-26
174044	Cladonia arbuscula	GCA_964255635.1	SOURCE_DATABASE_GENBANK	Scaffold	28948497	reference genome	current	2024-09-21
184061	Cladonia borealis	GCA_018257855.2	SOURCE_DATABASE_GENBANK	Contig	36013978	reference genome	current	2023-07-12
174049	Cladonia caroliniana	GCA_964256855.1	SOURCE_DATABASE_GENBANK	Scaffold	29218708	reference genome	current	2024-09-21
174053	Cladonia coccifera	GCA_964254445.1	SOURCE_DATABASE_GENBANK	Scaffold	30103970	reference genome	current	2024-09-21
174056	Cladonia didyma	GCA_964255485.1	SOURCE_DATABASE_GENBANK	Scaffold	24278505	reference genome	current	2024-09-21
50926	Cladonia diversa	GCA_964605785.1	SOURCE_DATABASE_GENBANK	Chromosome	35919776	reference genome	current	2025-01-02
50926	Cladonia diversa	GCA_964605305.1	SOURCE_DATABASE_GENBANK	Scaffold	48119181		current	2025-01-02
174060	Cladonia furcata	GCA_964255445.1	SOURCE_DATABASE_GENBANK	Scaffold	28393906	reference genome	current	2024-09-21
27339	Cladonia grayi	GCA_964255175.1	SOURCE_DATABASE_GENBANK	Scaffold	26086763	reference genome	current	2024-09-21
195770	Cladonia leporina	GCA_964254565.1	SOURCE_DATABASE_GENBANK	Scaffold	26693721	reference genome	current	2024-09-21
196765	Cladonia macilenta	GCA_964254615.1	SOURCE_DATABASE_GENBANK	Scaffold	24586490		current	2024-09-21
1353983	Cladonia macilenta KoLRI003786	GCA_000444155.1	SOURCE_DATABASE_GENBANK	Scaffold	37117081	reference genome	current	2013-08-06
2487631	Cladonia mateocyatha	GCA_964254505.1	SOURCE_DATABASE_GENBANK	Scaffold	28185128	reference genome	current	2024-09-21
1400770	Cladonia metacorallifera KoLRI002260	GCA_000482085.2	SOURCE_DATABASE_GENBANK	Scaffold	36682060	reference genome	current	2014-01-07
174062	Cladonia ochrochlora	GCA_964256405.1	SOURCE_DATABASE_GENBANK	Scaffold	29208772	reference genome	current	2024-09-21
195777	Cladonia petrophila	GCA_964256395.1	SOURCE_DATABASE_GENBANK	Scaffold	29021755	reference genome	current	2024-09-21
184108	Cladonia peziziformis	GCA_964256715.1	SOURCE_DATABASE_GENBANK	Scaffold	23152140	reference genome	current	2024-09-21
2487584	Cladonia polycarpoides	GCA_964256725.1	SOURCE_DATABASE_GENBANK	Scaffold	24980457	reference genome	current	2024-09-21
50943	Cladonia portentosa	GCA_965153415.1	SOURCE_DATABASE_GENBANK	Chromosome	35063374	reference genome	current	2025-02-26
174067	Cladonia pyxidata	GCA_964254885.1	SOURCE_DATABASE_GENBANK	Scaffold	27164441	reference genome	current	2024-09-21
111670	Cladonia rangiferina	GCA_023065455.1	SOURCE_DATABASE_GENBANK	Contig	39345263	reference genome	current	2022-04-20
111670	Cladonia rangiferina	GCA_006146055.1	SOURCE_DATABASE_GENBANK	Scaffold	35673945		current	2019-06-07
111670	Cladonia rangiferina	GCA_964254875.1	SOURCE_DATABASE_GENBANK	Scaffold	29337773		current	2024-09-21
174070	Cladonia robbinsii	GCA_964255325.1	SOURCE_DATABASE_GENBANK	Scaffold	28614552	reference genome	current	2024-09-21
2040733	Cladonia sp.	GCA_937857105.1	SOURCE_DATABASE_GENBANK	Scaffold	27232595		current	2023-01-12
2040733	Cladonia sp.	GCA_937857195.1	SOURCE_DATABASE_GENBANK	Scaffold	29454175		current	2023-01-12
2040733	Cladonia sp.	GCA_937857205.1	SOURCE_DATABASE_GENBANK	Scaffold	27492499		current	2023-01-12
2040733	Cladonia sp.	GCA_937857275.1	SOURCE_DATABASE_GENBANK	Scaffold	29130837		current	2023-01-12
2040733	Cladonia sp.	GCA_937857405.1	SOURCE_DATABASE_GENBANK	Scaffold	28093757		current	2023-01-12
2040733	Cladonia sp.	GCA_937857425.1	SOURCE_DATABASE_GENBANK	Scaffold	27846501		current	2023-01-12
2040733	Cladonia sp.	GCA_937857785.1	SOURCE_DATABASE_GENBANK	Scaffold	29317889		current	2023-01-12
2040733	Cladonia sp.	GCA_937857855.1	SOURCE_DATABASE_GENBANK	Scaffold	24868344		current	2023-01-12
2040733	Cladonia sp.	GCA_937857955.1	SOURCE_DATABASE_GENBANK	Scaffold	26014224		current	2023-01-12
3420003	Cladonia sp. ERGA_PR_AT_01	GCA_963971245.1	SOURCE_DATABASE_GENBANK	Chromosome	32251759		current	2024-03-02
3420003	Cladonia sp. ERGA_PR_AT_01	GCA_963971275.1	SOURCE_DATABASE_GENBANK	Scaffold	38946605		current	2024-03-04
174074	Cladonia squamosa	GCA_947623385.2	SOURCE_DATABASE_GENBANK	Chromosome	38047994	reference genome	current	2023-05-13
174074	Cladonia squamosa	GCA_947623575.2	SOURCE_DATABASE_GENBANK	Contig	228060		current	2023-05-13
174074	Cladonia squamosa	GCA_964255015.1	SOURCE_DATABASE_GENBANK	Scaffold	30286100		current	2024-09-21
174074	Cladonia squamosa	GCA_964256895.1	SOURCE_DATABASE_GENBANK	Scaffold	29905000		current	2024-09-21
174045	Cladonia stellaris	GCA_040955005.1	SOURCE_DATABASE_GENBANK	Contig	35904429	reference genome	current	2024-07-30
174045	Cladonia stellaris	GCA_040955015.1	SOURCE_DATABASE_GENBANK	Contig	28472836		current	2024-07-30
174076	Cladonia strepsilis	GCA_964254655.1	SOURCE_DATABASE_GENBANK	Scaffold	26448327	reference genome	current	2024-09-21
195789	Cladonia subtenuis	GCA_964256865.1	SOURCE_DATABASE_GENBANK	Scaffold	27256336	reference genome	current	2024-09-21
174080	Cladonia uncialis	GCA_977014525.1	SOURCE_DATABASE_GENBANK	Scaffold	43488142	reference genome	current	2025-11-08
174080	Cladonia uncialis	GCA_002927785.1	SOURCE_DATABASE_GENBANK	Scaffold	32851544		current	2018-02-14
174080	Cladonia uncialis	GCA_964254785.1	SOURCE_DATABASE_GENBANK	Scaffold	29419212		current	2024-09-21
174080	Cladonia uncialis	GCA_977014875.1	SOURCE_DATABASE_GENBANK	Contig	118776513		current	2025-11-08
89940	Cladophialophora bantiana	GCA_054502105.1	SOURCE_DATABASE_GENBANK	Scaffold	36866921		current	2026-01-15
89940	Cladophialophora bantiana	GCA_054502125.1	SOURCE_DATABASE_GENBANK	Scaffold	36554085		current	2026-01-15
89940	Cladophialophora bantiana	GCA_054502145.1	SOURCE_DATABASE_GENBANK	Scaffold	36579211		current	2026-01-15
89940	Cladophialophora bantiana	GCA_054502165.1	SOURCE_DATABASE_GENBANK	Scaffold	36503904		current	2026-01-15
89940	Cladophialophora bantiana	GCA_054502185.1	SOURCE_DATABASE_GENBANK	Scaffold	36532102		current	2026-01-15
89940	Cladophialophora bantiana	GCA_900092765.1	SOURCE_DATABASE_GENBANK	Scaffold	37087895		current	2016-09-07
1442370	Cladophialophora bantiana CBS 173.52	GCF_000835475.1	SOURCE_DATABASE_REFSEQ	Scaffold	36722552	reference genome	current	2015-02-23
1442370	Cladophialophora bantiana CBS 173.52	GCA_000835475.1	SOURCE_DATABASE_GENBANK	Scaffold	36722552	reference genome	current	2015-02-23
2448088	Cladophialophora brunneola	GCA_040207545.1	SOURCE_DATABASE_GENBANK	Contig	33808635	reference genome	current	2024-06-17
86049	Cladophialophora carrionii	GCA_001700775.1	SOURCE_DATABASE_GENBANK	Scaffold	29779067		current	2016-08-09
1279043	Cladophialophora carrionii CBS 160.54	GCF_000365165.1	SOURCE_DATABASE_REFSEQ	Scaffold	28991111	reference genome	current	2013-12-11
1279043	Cladophialophora carrionii CBS 160.54	GCA_000365165.2	SOURCE_DATABASE_GENBANK	Scaffold	28991111	reference genome	current	2013-12-11
386627	Cladophialophora chaetospira	GCA_030247875.1	SOURCE_DATABASE_GENBANK	Scaffold	35553408	reference genome	current	2023-06-09
3044281	Cladophialophora endolichena	GCA_049996375.1	SOURCE_DATABASE_GENBANK	Contig	31347868	reference genome	current	2025-04-29
1949210	Cladophialophora exuberans	GCA_030068005.1	SOURCE_DATABASE_GENBANK	Contig	37523205	reference genome	current	2023-05-24
569365	Cladophialophora immunda	GCF_000835495.1	SOURCE_DATABASE_REFSEQ	Scaffold	43029152	reference genome	current	2015-02-23
569365	Cladophialophora immunda	GCA_000785585.1	SOURCE_DATABASE_GENBANK	Contig	41583904		current	2014-11-19
569365	Cladophialophora immunda	GCA_000835495.1	SOURCE_DATABASE_GENBANK	Scaffold	43029152	reference genome	current	2015-02-23
1182543	Cladophialophora psammophila CBS 110553	GCF_000585535.1	SOURCE_DATABASE_REFSEQ	Scaffold	39420127	reference genome	current	2014-03-05
1182543	Cladophialophora psammophila CBS 110553	GCA_000585535.1	SOURCE_DATABASE_GENBANK	Scaffold	39420127	reference genome	current	2014-03-05
1182544	Cladophialophora yegresii CBS 114405	GCF_000585515.1	SOURCE_DATABASE_REFSEQ	Scaffold	27898422	reference genome	current	2014-03-05
1182544	Cladophialophora yegresii CBS 114405	GCA_000585515.1	SOURCE_DATABASE_GENBANK	Scaffold	27898422	reference genome	current	2014-03-05
120202	Daphnia carinata	GCF_022539665.2	SOURCE_DATABASE_REFSEQ	Chromosome	108144665	reference genome	current	2023-08-08
120202	Daphnia carinata	GCA_022539665.4	SOURCE_DATABASE_GENBANK	Chromosome	108144665	reference genome	current	2023-08-08
42854	Daphnia dubia	GCA_013387435.1	SOURCE_DATABASE_GENBANK	Scaffold	107502057	reference genome	current	2020-07-02
27404	Daphnia galeata	GCA_030770115.1	SOURCE_DATABASE_GENBANK	Chromosome	149685297	reference genome	current	2023-08-21
27404	Daphnia galeata	GCA_918697745.2	SOURCE_DATABASE_GENBANK	Chromosome	133708232		current	2024-08-07
575233	Daphnia hispanica	GCA_047655985.1	SOURCE_DATABASE_GENBANK	Contig	326092314	reference genome	current	2025-02-11
85468	Daphnia longicephala	GCA_050575195.1	SOURCE_DATABASE_GENBANK	Contig	125035084	reference genome	current	2025-05-27
35525	Daphnia magna	GCF_020631705.1	SOURCE_DATABASE_REFSEQ	Chromosome	161452108	reference genome	current	2021-10-27
35525	Daphnia magna	GCF_003990815.1	SOURCE_DATABASE_REFSEQ	Chromosome	122937721		suppressed	2019-01-07
35525	Daphnia magna	GCA_001632505.1	SOURCE_DATABASE_GENBANK	Scaffold	129543483		current	2016-04-26
35525	Daphnia magna	GCA_003990815.1	SOURCE_DATABASE_GENBANK	Chromosome	122937721		current	2019-01-07
35525	Daphnia magna	GCA_020631705.2	SOURCE_DATABASE_GENBANK	Chromosome	161452108	reference genome	current	2021-10-27
35525	Daphnia magna	GCA_030254905.1	SOURCE_DATABASE_GENBANK	Chromosome	129980260		current	2023-06-12
35525	Daphnia magna	GCA_040143795.1	SOURCE_DATABASE_GENBANK	Contig	141376118		current	2024-06-12
35525	Daphnia magna	GCA_927798085.1	SOURCE_DATABASE_GENBANK	Scaffold	152036952		current	2022-01-29
35525	Daphnia magna	GCA_927798105.1	SOURCE_DATABASE_GENBANK	Scaffold	148400105		current	2022-01-29
35527	Daphnia obtusa	GCA_052054635.1	SOURCE_DATABASE_GENBANK	Chromosome	129356989	reference genome	current	2025-08-15
35527	Daphnia obtusa	GCA_016170125.1	SOURCE_DATABASE_GENBANK	Scaffold	167553630		current	2020-12-22
6669	Daphnia pulex	GCF_021134715.1	SOURCE_DATABASE_REFSEQ	Chromosome	133181052	reference genome	current	2021-12-09
6669	Daphnia pulex	GCA_000187875.1	SOURCE_DATABASE_GENBANK	Scaffold	197206209		current	2011-02-04
6669	Daphnia pulex	GCA_021134715.1	SOURCE_DATABASE_GENBANK	Chromosome	133181052	reference genome	current	2021-12-09
6669	Daphnia pulex	GCA_023526725.1	SOURCE_DATABASE_GENBANK	Chromosome	128105271		current	2022-05-24
6669	Daphnia pulex	GCA_028752575.1	SOURCE_DATABASE_GENBANK	Chromosome	132927874		current	2023-02-21
6669	Daphnia pulex	GCA_028752595.1	SOURCE_DATABASE_GENBANK	Chromosome	131811752		current	2023-02-21
6669	Daphnia pulex	GCA_053542475.1	SOURCE_DATABASE_GENBANK	Complete Genome	162174852		current	2025-11-18
6669	Daphnia pulex	GCA_053542555.1	SOURCE_DATABASE_GENBANK	Complete Genome	157000690		current	2025-11-18
6669	Daphnia pulex	GCA_053542655.1	SOURCE_DATABASE_GENBANK	Complete Genome	164414443		current	2025-11-18
6669	Daphnia pulex	GCA_053542715.1	SOURCE_DATABASE_GENBANK	Complete Genome	152305093		current	2025-11-18
6669	Daphnia pulex	GCA_053542735.1	SOURCE_DATABASE_GENBANK	Complete Genome	163754398		current	2025-11-18
6669	Daphnia pulex	GCA_053542755.1	SOURCE_DATABASE_GENBANK	Complete Genome	155475891		current	2025-11-18
6669	Daphnia pulex	GCA_900092285.2	SOURCE_DATABASE_GENBANK	Scaffold	189550516		current	2019-09-30
6669	Daphnia pulex	GCA_911175335.1	SOURCE_DATABASE_GENBANK	Scaffold	155146858		current	2021-07-19
35523	Daphnia pulicaria	GCF_021234035.1	SOURCE_DATABASE_REFSEQ	Chromosome	185057732	reference genome	current	2022-01-11
35523	Daphnia pulicaria	GCA_017493165.1	SOURCE_DATABASE_GENBANK	Chromosome	193108097		current	2021-03-19
35523	Daphnia pulicaria	GCA_021234015.2	SOURCE_DATABASE_GENBANK	Chromosome	179287559		current	2022-01-11
35523	Daphnia pulicaria	GCA_021234035.2	SOURCE_DATABASE_GENBANK	Chromosome	185057732	reference genome	current	2022-01-11
35523	Daphnia pulicaria	GCA_022818095.1	SOURCE_DATABASE_GENBANK	Scaffold	155911856		current	2022-04-05
35523	Daphnia pulicaria	GCA_022818125.1	SOURCE_DATABASE_GENBANK	Scaffold	155820021		current	2022-04-05
1820382	Daphnia sinensis	GCA_013167095.2	SOURCE_DATABASE_GENBANK	Chromosome	119589095	reference genome	current	2022-10-20
27295	Debaryomyces castellii	GCA_032927745.1	SOURCE_DATABASE_GENBANK	Contig	12153877	reference genome	current	2023-10-23
27295	Debaryomyces castellii	GCA_030674585.1	SOURCE_DATABASE_GENBANK	Scaffold	12056238		current	2023-08-07
27296	Debaryomyces coudertii	GCA_030564605.1	SOURCE_DATABASE_GENBANK	Scaffold	11269520	reference genome	current	2023-07-31
58627	Debaryomyces fabryi	GCF_001447935.2	SOURCE_DATABASE_REFSEQ	Contig	11695966	reference genome	current	2015-11-25
58627	Debaryomyces fabryi	GCA_001447935.2	SOURCE_DATABASE_GENBANK	Contig	11695966	reference genome	current	2015-11-25
58627	Debaryomyces fabryi	GCA_003708665.2	SOURCE_DATABASE_GENBANK	Scaffold	11936357		current	2018-11-20
58627	Debaryomyces fabryi	GCA_030578665.1	SOURCE_DATABASE_GENBANK	Scaffold	11912507		current	2023-07-31
58627	Debaryomyces fabryi	GCA_900007135.1	SOURCE_DATABASE_GENBANK	Scaffold	11997750		current	2023-06-13
4959	Debaryomyces hansenii	GCA_001682995.1	SOURCE_DATABASE_GENBANK	Contig	11620116		current	2016-07-10
4959	Debaryomyces hansenii	GCA_003349505.1	SOURCE_DATABASE_GENBANK	Scaffold	11638269		current	2018-07-31
4959	Debaryomyces hansenii	GCA_006942205.1	SOURCE_DATABASE_GENBANK	Scaffold	12196618		current	2019-07-12
4959	Debaryomyces hansenii	GCA_006942215.1	SOURCE_DATABASE_GENBANK	Scaffold	12122615		current	2019-07-12
4959	Debaryomyces hansenii	GCA_006942225.1	SOURCE_DATABASE_GENBANK	Scaffold	11908416		current	2019-07-12
4959	Debaryomyces hansenii	GCA_006942235.1	SOURCE_DATABASE_GENBANK	Scaffold	12127194		current	2019-07-12
4959	Debaryomyces hansenii	GCA_006942305.1	SOURCE_DATABASE_GENBANK	Scaffold	12009733		current	2019-07-12
4959	Debaryomyces hansenii	GCA_006942325.1	SOURCE_DATABASE_GENBANK	Scaffold	12332422		current	2019-07-12
4959	Debaryomyces hansenii	GCA_016097515.1	SOURCE_DATABASE_GENBANK	Chromosome	18560919		current	2020-12-17
4959	Debaryomyces hansenii	GCA_016097625.1	SOURCE_DATABASE_GENBANK	Complete Genome	12580919		current	2020-12-17
4959	Debaryomyces hansenii	GCA_024256405.1	SOURCE_DATABASE_GENBANK	Contig	24773645		current	2022-07-13
4959	Debaryomyces hansenii	GCA_028412075.1	SOURCE_DATABASE_GENBANK	Complete Genome	13011227		current	2023-02-02
4959	Debaryomyces hansenii	GCA_028609645.1	SOURCE_DATABASE_GENBANK	Complete Genome	12906821		current	2023-02-13
4959	Debaryomyces hansenii	GCA_030558995.1	SOURCE_DATABASE_GENBANK	Scaffold	12104604		current	2023-07-31
4959	Debaryomyces hansenii	GCA_036689635.1	SOURCE_DATABASE_GENBANK	Chromosome	12440806		current	2024-02-18
4959	Debaryomyces hansenii	GCA_042766975.1	SOURCE_DATABASE_GENBANK	Contig	12217676		current	2024-10-08
4959	Debaryomyces hansenii	GCA_051362385.1	SOURCE_DATABASE_GENBANK	Scaffold	12301510		current	2025-07-15
4959	Debaryomyces hansenii	GCA_054122475.1	SOURCE_DATABASE_GENBANK	Scaffold	7960628		current	2025-12-22
4959	Debaryomyces hansenii	GCA_054122535.1	SOURCE_DATABASE_GENBANK	Scaffold	11664225		current	2025-12-22
4959	Debaryomyces hansenii	GCA_054122555.1	SOURCE_DATABASE_GENBANK	Scaffold	7808247		current	2025-12-22
4959	Debaryomyces hansenii	GCA_054122605.1	SOURCE_DATABASE_GENBANK	Scaffold	11574994		current	2025-12-22
4959	Debaryomyces hansenii	GCA_054122675.1	SOURCE_DATABASE_GENBANK	Scaffold	11883950		current	2025-12-22
4959	Debaryomyces hansenii	GCA_054122725.1	SOURCE_DATABASE_GENBANK	Scaffold	11717423		current	2025-12-22
4959	Debaryomyces hansenii	GCA_054122755.1	SOURCE_DATABASE_GENBANK	Scaffold	12438909		current	2025-12-22
4959	Debaryomyces hansenii	GCA_054122795.1	SOURCE_DATABASE_GENBANK	Scaffold	16158982		current	2025-12-22
4959	Debaryomyces hansenii	GCA_054122855.1	SOURCE_DATABASE_GENBANK	Scaffold	12100995		current	2025-12-22
4959	Debaryomyces hansenii	GCA_054122915.1	SOURCE_DATABASE_GENBANK	Scaffold	11480534		current	2025-12-22
4959	Debaryomyces hansenii	GCA_054122935.1	SOURCE_DATABASE_GENBANK	Scaffold	11563828		current	2025-12-22
4959	Debaryomyces hansenii	GCA_054123055.1	SOURCE_DATABASE_GENBANK	Scaffold	11857404		current	2025-12-22
4959	Debaryomyces hansenii	GCA_054123155.1	SOURCE_DATABASE_GENBANK	Scaffold	8169900		current	2025-12-22
4959	Debaryomyces hansenii	GCA_054123215.1	SOURCE_DATABASE_GENBANK	Scaffold	9071405		current	2025-12-22
4959	Debaryomyces hansenii	GCA_054123375.1	SOURCE_DATABASE_GENBANK	Scaffold	10449681		current	2025-12-22
4959	Debaryomyces hansenii	GCA_054123435.1	SOURCE_DATABASE_GENBANK	Scaffold	11817902		current	2025-12-22
4959	Debaryomyces hansenii	GCA_054123445.1	SOURCE_DATABASE_GENBANK	Scaffold	8831310		current	2025-12-22
4959	Debaryomyces hansenii	GCA_054123495.1	SOURCE_DATABASE_GENBANK	Scaffold	6407937		current	2025-12-22
4959	Debaryomyces hansenii	GCA_054123525.1	SOURCE_DATABASE_GENBANK	Scaffold	11559752		current	2025-12-22
4959	Debaryomyces hansenii	GCA_054123575.1	SOURCE_DATABASE_GENBANK	Scaffold	11734700		current	2025-12-22
4959	Debaryomyces hansenii	GCA_054123595.1	SOURCE_DATABASE_GENBANK	Scaffold	22564859		current	2025-12-22
4959	Debaryomyces hansenii	GCA_054123615.1	SOURCE_DATABASE_GENBANK	Scaffold	11675204		current	2025-12-22
4959	Debaryomyces hansenii	GCA_054123675.1	SOURCE_DATABASE_GENBANK	Scaffold	11713807		current	2025-12-22
4959	Debaryomyces hansenii	GCA_054123715.1	SOURCE_DATABASE_GENBANK	Scaffold	11643992		current	2025-12-22
4959	Debaryomyces hansenii	GCA_054123735.1	SOURCE_DATABASE_GENBANK	Scaffold	11648038		current	2025-12-22
4959	Debaryomyces hansenii	GCA_054123775.1	SOURCE_DATABASE_GENBANK	Scaffold	8543671		current	2025-12-22
4959	Debaryomyces hansenii	GCA_054123835.1	SOURCE_DATABASE_GENBANK	Scaffold	9030336		current	2025-12-22
4959	Debaryomyces hansenii	GCA_054123845.1	SOURCE_DATABASE_GENBANK	Scaffold	7099556		current	2025-12-22
4959	Debaryomyces hansenii	GCA_054123875.1	SOURCE_DATABASE_GENBANK	Scaffold	11537579		current	2025-12-22
4959	Debaryomyces hansenii	GCA_054123905.1	SOURCE_DATABASE_GENBANK	Scaffold	11760090		current	2025-12-22
4959	Debaryomyces hansenii	GCA_054124075.1	SOURCE_DATABASE_GENBANK	Scaffold	11901146		current	2025-12-22
4959	Debaryomyces hansenii	GCA_054124085.1	SOURCE_DATABASE_GENBANK	Scaffold	11361046		current	2025-12-22
4959	Debaryomyces hansenii	GCA_054124155.1	SOURCE_DATABASE_GENBANK	Scaffold	8485741		current	2025-12-22
4959	Debaryomyces hansenii	GCA_054124255.1	SOURCE_DATABASE_GENBANK	Scaffold	13283616		current	2025-12-22
4959	Debaryomyces hansenii	GCA_054124355.1	SOURCE_DATABASE_GENBANK	Scaffold	16791928		current	2025-12-22
4959	Debaryomyces hansenii	GCA_054124395.1	SOURCE_DATABASE_GENBANK	Scaffold	15805638		current	2025-12-22
4959	Debaryomyces hansenii	GCA_054124435.1	SOURCE_DATABASE_GENBANK	Scaffold	8745156		current	2025-12-22
4959	Debaryomyces hansenii	GCA_054124815.1	SOURCE_DATABASE_GENBANK	Scaffold	18440152		current	2025-12-22
4959	Debaryomyces hansenii	GCA_054124875.1	SOURCE_DATABASE_GENBANK	Scaffold	11052821		current	2025-12-22
4959	Debaryomyces hansenii	GCA_054124915.1	SOURCE_DATABASE_GENBANK	Scaffold	13860020		current	2025-12-22
4959	Debaryomyces hansenii	GCA_054125495.1	SOURCE_DATABASE_GENBANK	Scaffold	16821768		current	2025-12-22
4959	Debaryomyces hansenii	GCA_054125565.1	SOURCE_DATABASE_GENBANK	Scaffold	8958625		current	2025-12-22
4959	Debaryomyces hansenii	GCA_054125685.1	SOURCE_DATABASE_GENBANK	Scaffold	11586107		current	2025-12-22
4959	Debaryomyces hansenii	GCA_054125705.1	SOURCE_DATABASE_GENBANK	Scaffold	12308197		current	2025-12-22
4959	Debaryomyces hansenii	GCA_054125765.1	SOURCE_DATABASE_GENBANK	Scaffold	11419213		current	2025-12-22
4959	Debaryomyces hansenii	GCA_054125805.1	SOURCE_DATABASE_GENBANK	Scaffold	10278595		current	2025-12-22
284592	Debaryomyces hansenii CBS767	GCF_000006445.2	SOURCE_DATABASE_REFSEQ	Chromosome	12152486	reference genome	current	2008-09-16
284592	Debaryomyces hansenii CBS767	GCA_000006445.2	SOURCE_DATABASE_GENBANK	Chromosome	12152486	reference genome	current	2008-09-16
284592	Debaryomyces hansenii CBS767	GCA_937872485.1	SOURCE_DATABASE_GENBANK	Contig	11675309		current	2023-01-12
284592	Debaryomyces hansenii CBS767	GCA_963379305.1	SOURCE_DATABASE_GENBANK	Contig	8388548		current	2023-08-24
1118155	Debaryomyces hansenii var. hansenii MTCC 234	GCA_000239015.2	SOURCE_DATABASE_GENBANK	Contig	11462343		current	2011-12-20
27297	Debaryomyces maramus	GCA_030583545.1	SOURCE_DATABASE_GENBANK	Scaffold	11000421	reference genome	current	2023-07-31
27297	Debaryomyces maramus	GCA_003708605.2	SOURCE_DATABASE_GENBANK	Contig	11106094		current	2018-11-19
27299	Debaryomyces nepalensis	GCA_030583445.1	SOURCE_DATABASE_GENBANK	Scaffold	11403703	reference genome	current	2023-07-31
27299	Debaryomyces nepalensis	GCA_003708585.1	SOURCE_DATABASE_GENBANK	Scaffold	11459832		current	2018-10-31
27299	Debaryomyces nepalensis	GCA_037042395.1	SOURCE_DATABASE_GENBANK	Scaffold	10728035		current	2024-03-06
148098	Debaryomyces prosopidis	GCA_030578795.1	SOURCE_DATABASE_GENBANK	Scaffold	12050768	reference genome	current	2023-07-31
148098	Debaryomyces prosopidis	GCA_003708935.1	SOURCE_DATABASE_GENBANK	Scaffold	12928139		current	2018-10-31
28555	Debaryomyces robertsiae	GCA_046867545.1	SOURCE_DATABASE_GENBANK	Scaffold	10760377	reference genome	current	2025-01-21
28555	Debaryomyces robertsiae	GCA_030566065.1	SOURCE_DATABASE_GENBANK	Scaffold	10714584		current	2023-07-31
28555	Debaryomyces robertsiae	GCA_046867595.1	SOURCE_DATABASE_GENBANK	Scaffold	10762431		current	2025-01-21
526733	Debaryomyces singareniensis	GCA_031081795.1	SOURCE_DATABASE_GENBANK	Scaffold	10099494	reference genome	current	2023-09-02
526733	Debaryomyces singareniensis	GCA_030558045.1	SOURCE_DATABASE_GENBANK	Scaffold	9928614		current	2023-07-31
1853546	Debaryomyces sp.	GCA_054123475.1	SOURCE_DATABASE_GENBANK	Scaffold	21194527		current	2025-12-22
2951366	Debaryomyces sp. S3305	GCA_024586305.1	SOURCE_DATABASE_GENBANK	Scaffold	23420014		current	2022-08-08
522693	Debaryomyces subglobosus	GCA_003708965.2	SOURCE_DATABASE_GENBANK	Scaffold	11455437	reference genome	current	2023-07-13
522358	Debaryomyces tyrocola	GCA_900006135.1	SOURCE_DATABASE_GENBANK	Scaffold	12391882	reference genome	current	2023-06-12
28551	Debaryomyces udenii	GCA_030556595.1	SOURCE_DATABASE_GENBANK	Scaffold	11078079	reference genome	current	2023-07-31
370026	Desoria olivacea	GCA_034695115.1	SOURCE_DATABASE_GENBANK	Contig	177300040	reference genome	current	2023-12-27
370036	Desoria tigrina	GCA_906901685.1	SOURCE_DATABASE_GENBANK	Scaffold	211462971	reference genome	current	2021-05-13
1184801	Desoria trispinata	GCA_047667415.1	SOURCE_DATABASE_GENBANK	Scaffold	228222002	reference genome	current	2025-02-11
1184801	Desoria trispinata	GCA_034695165.1	SOURCE_DATABASE_GENBANK	Contig	192452473		current	2023-12-27
984905	Diamesa hyperborea	GCA_975301275.1	SOURCE_DATABASE_GENBANK	Chromosome	104918785	reference genome	current	2025-10-13
2578515	Diamesa serratosioi	GCA_975302115.1	SOURCE_DATABASE_GENBANK	Chromosome	98976556	reference genome	current	2025-10-04
1751538	Diamesa tonsa	GCA_975301885.1	SOURCE_DATABASE_GENBANK	Chromosome	104481022	reference genome	current	2025-10-04
1213867	Diversispora eburnea	GCA_910592015.1	SOURCE_DATABASE_GENBANK	Contig	65111457	reference genome	current	2021-11-11
1348612	Diversispora epigaea	GCA_003547095.1	SOURCE_DATABASE_GENBANK	Scaffold	156576535	reference genome	current	2018-09-12
492533	Drusus annulatus	GCA_022651775.1	SOURCE_DATABASE_GENBANK	Contig	727941535	reference genome	current	2022-03-21
33132	Epilobium ciliatum	GCA_965637465.1	SOURCE_DATABASE_GENBANK	Chromosome	274878083	reference genome	current	2025-07-09
33132	Epilobium ciliatum	GCA_965637425.1	SOURCE_DATABASE_GENBANK	Scaffold	262945047		current	2025-07-09
210355	Epilobium hirsutum	GCA_965153245.1	SOURCE_DATABASE_GENBANK	Chromosome	336043468	reference genome	current	2025-02-26
210355	Epilobium hirsutum	GCA_965153225.1	SOURCE_DATABASE_GENBANK	Scaffold	270042463		current	2025-02-21
1293975	Escallonia herrerae	GCA_033070095.1	SOURCE_DATABASE_GENBANK	Contig	994359942	reference genome	current	2023-10-26
112253	Escallonia rubra	GCA_033065855.1	SOURCE_DATABASE_GENBANK	Contig	566446937	reference genome	current	2023-10-26
474999	Euphrasia arctica	GCA_014843705.1	SOURCE_DATABASE_GENBANK	Scaffold	505373722	reference genome	current	2020-10-05
475003	Euphrasia confusa	GCA_954870475.1	SOURCE_DATABASE_GENBANK	Chromosome	976479663	reference genome	current	2023-07-15
475003	Euphrasia confusa	GCA_954870545.1	SOURCE_DATABASE_GENBANK	Contig	28856203		current	2023-07-15
475394	Euphrasia tetraquetra	GCA_965276645.1	SOURCE_DATABASE_GENBANK	Chromosome	951355569	reference genome	current	2025-05-03
475394	Euphrasia tetraquetra	GCA_965276735.1	SOURCE_DATABASE_GENBANK	Scaffold	903616905		current	2025-05-03
464051	Festuca francoi	GCA_051253515.1	SOURCE_DATABASE_GENBANK	Scaffold	780447117	reference genome	current	2025-07-08
89681	Festuca glaucescens	GCA_052817425.1	SOURCE_DATABASE_GENBANK	Contig	5527385882	reference genome	current	2025-09-24
464072	Festuca petraea	GCA_051419415.1	SOURCE_DATABASE_GENBANK	Scaffold	1188724153	reference genome	current	2025-07-20
2796348	Formica aquilonia x Formica polyctena	GCA_907163055.1	SOURCE_DATABASE_GENBANK	Contig	272015305	reference genome	current	2021-05-15
1830378	Formica aserva	GCA_037039905.1	SOURCE_DATABASE_GENBANK	Scaffold	310433589	reference genome	current	2024-03-07
3380366	Formica cf. japonica GAGA-0350	GCA_048543915.1	SOURCE_DATABASE_GENBANK	Scaffold	333274787		current	2025-03-11
609761	Formica cinerea	GCA_048541745.1	SOURCE_DATABASE_GENBANK	Contig	324067700	reference genome	current	2025-03-11
72781	Formica exsecta	GCF_003651465.1	SOURCE_DATABASE_REFSEQ	Scaffold	277633851	reference genome	current	2018-10-15
72781	Formica exsecta	GCA_003651465.1	SOURCE_DATABASE_GENBANK	Scaffold	277633851	reference genome	current	2018-10-15
72779	Formica fusca	GCA_052642515.1	SOURCE_DATABASE_GENBANK	Chromosome	561468820	reference genome	current	2025-09-15
72779	Formica fusca	GCA_048541905.1	SOURCE_DATABASE_GENBANK	Scaffold	245476982		current	2025-03-11
485107	Formica gagates	GCA_976983035.1	SOURCE_DATABASE_GENBANK	Chromosome	289531942	reference genome	current	2025-10-08
255794	Formica japonica	GCA_048543455.1	SOURCE_DATABASE_GENBANK	Scaffold	387845759	reference genome	current	2025-03-11
84560	Formica lemani	GCA_965197165.1	SOURCE_DATABASE_GENBANK	Scaffold	268841287	reference genome	current	2026-01-07
258705	Formica paralugubris	GCA_977017635.1	SOURCE_DATABASE_GENBANK	Scaffold	523741355	reference genome	current	2025-11-08
258706	Formica rufa	GCA_964276525.2	SOURCE_DATABASE_GENBANK	Chromosome	342955072	reference genome	current	2025-11-06
258706	Formica rufa	GCA_964276535.2	SOURCE_DATABASE_GENBANK	Scaffold	269816263		current	2025-11-06
208978	Formica rufibarbis	GCA_965197155.1	SOURCE_DATABASE_GENBANK	Contig	919044706	reference genome	current	2026-01-07
208980	Formica sanguinea	GCA_048542805.1	SOURCE_DATABASE_GENBANK	Scaffold	348243461	reference genome	current	2025-03-11
208979	Formica selysi	GCA_009859135.1	SOURCE_DATABASE_GENBANK	Chromosome	290452129	reference genome	current	2020-01-14
210448	Fragilaria crotonensis	GCA_022925895.1	SOURCE_DATABASE_GENBANK	Contig	61849504	reference genome	current	2022-04-12
2109649	Fragilaria radians	GCA_900642245.1	SOURCE_DATABASE_GENBANK	Scaffold	98377760	reference genome	current	2019-02-06
1091537	Gaultheria prostrata	GCA_036023075.1	SOURCE_DATABASE_GENBANK	Scaffold	408494255	reference genome	current	2024-01-25
73102	Gaultheria shallon	GCA_046119095.1	SOURCE_DATABASE_GENBANK	Scaffold	673248660	reference genome	current	2024-12-17
73102	Gaultheria shallon	GCA_046119025.1	SOURCE_DATABASE_GENBANK	Scaffold	629499440		current	2024-12-17
3097545	Gentiana crassa subsp. rigescens	GCA_054135205.1	SOURCE_DATABASE_GENBANK	Chromosome	2061134395	reference genome	current	2025-12-23
553044	Gentiana dahurica var. dahurica	GCA_024500145.1	SOURCE_DATABASE_GENBANK	Chromosome	1416543111	reference genome	current	2022-08-03
50765	Gentiana macrophylla	GCA_026214975.1	SOURCE_DATABASE_GENBANK	Chromosome	1791703142	reference genome	current	2022-11-18
50768	Gentiana straminea	GCA_036785695.1	SOURCE_DATABASE_GENBANK	Contig	1288984070	reference genome	current	2024-02-22
76867	Hebeloma cylindrosporum	GCA_000827355.1	SOURCE_DATABASE_GENBANK	Scaffold	38226047	reference genome	current	2015-01-30
1448309	Hydnum rufescens UP504	GCA_014904985.1	SOURCE_DATABASE_GENBANK	Scaffold	67135451	reference genome	current	2020-10-20
2996	Hydrurus foetidus	GCA_900617105.1	SOURCE_DATABASE_GENBANK	Contig	171182409		current	2019-04-01
285026	Inocybe asterospora	GCA_043251865.1	SOURCE_DATABASE_GENBANK	Scaffold	42090741	reference genome	current	2024-10-16
165582	Inocybe corydalina	GCA_043167085.1	SOURCE_DATABASE_GENBANK	Scaffold	44633957	reference genome	current	2024-10-15
165583	Inocybe dulcamara	GCA_043251965.1	SOURCE_DATABASE_GENBANK	Scaffold	47581644	reference genome	current	2024-10-16
225431	Inocybe flocculosa	GCA_043167125.1	SOURCE_DATABASE_GENBANK	Scaffold	52041511	reference genome	current	2024-10-15
467874	Inocybe fuscidula	GCA_043170655.1	SOURCE_DATABASE_GENBANK	Scaffold	41613654	reference genome	current	2024-10-15
71954	Inocybe geophylla	GCA_043165475.1	SOURCE_DATABASE_GENBANK	Scaffold	34922327	reference genome	current	2024-10-15
467854	Inocybe glabripes	GCA_043251705.1	SOURCE_DATABASE_GENBANK	Scaffold	39508315	reference genome	current	2024-10-16
1032817	Inocybe grammopodia	GCA_965154565.1	SOURCE_DATABASE_GENBANK	Chromosome	49423315	reference genome	current	2025-02-28
1032817	Inocybe grammopodia	GCA_965154495.1	SOURCE_DATABASE_GENBANK	Scaffold	52516832		current	2025-02-28
165588	Inocybe lanuginosa	GCA_043251745.1	SOURCE_DATABASE_GENBANK	Scaffold	36713706	reference genome	current	2024-10-16
71955	Inocybe lilacina	GCA_043251785.1	SOURCE_DATABASE_GENBANK	Scaffold	32857510	reference genome	current	2024-10-16
217426	Inocybe nitidiuscula	GCA_043168825.1	SOURCE_DATABASE_GENBANK	Scaffold	52213144	reference genome	current	2024-10-15
467864	Inocybe oblectabilis	GCA_043251875.1	SOURCE_DATABASE_GENBANK	Scaffold	44410895	reference genome	current	2024-10-16
2822767	Inocybe obscuroides	GCA_965233645.1	SOURCE_DATABASE_GENBANK	Chromosome	49949292	reference genome	current	2025-04-03
2822767	Inocybe obscuroides	GCA_965233395.1	SOURCE_DATABASE_GENBANK	Scaffold	49078556		current	2025-04-01
467873	Inocybe ochroalba	GCA_043167045.1	SOURCE_DATABASE_GENBANK	Scaffold	34770360	reference genome	current	2024-10-15
181886	Inocybe petiginosa	GCA_043251805.1	SOURCE_DATABASE_GENBANK	Scaffold	27881175	reference genome	current	2024-10-16
1868146	Inocybe suecica	GCA_043168805.1	SOURCE_DATABASE_GENBANK	Scaffold	44514307	reference genome	current	2024-10-15
1169566	Inocybe tigrina	GCA_964248975.1	SOURCE_DATABASE_GENBANK	Chromosome	42009716	reference genome	current	2024-08-31
1169566	Inocybe tigrina	GCA_964247835.1	SOURCE_DATABASE_GENBANK	Scaffold	92286864		current	2024-08-29
247611	Isotoma anglicana	GCA_034694685.1	SOURCE_DATABASE_GENBANK	Contig	228463400	reference genome	current	2023-12-27
308473	Isotoma caerulea	GCA_034696405.1	SOURCE_DATABASE_GENBANK	Contig	222135947	reference genome	current	2023-12-27
2926725	Isotoma decorata	GCA_034698605.1	SOURCE_DATABASE_GENBANK	Contig	263556048	reference genome	current	2023-12-27
187635	Isotoma viridis	GCA_034696425.1	SOURCE_DATABASE_GENBANK	Contig	211144109	reference genome	current	2023-12-27
1095629	Laccaria amethystina LaAM-08-1	GCA_000827195.1	SOURCE_DATABASE_GENBANK	Scaffold	52197432	reference genome	current	2015-01-26
486041	Laccaria bicolor S238N-H82	GCF_000143565.1	SOURCE_DATABASE_REFSEQ	Scaffold	64877444	reference genome	current	2008-01-11
486041	Laccaria bicolor S238N-H82	GCA_000143565.1	SOURCE_DATABASE_GENBANK	Scaffold	64877444	reference genome	current	2008-01-11
344589	Laccaria trichodermophora	GCA_018417955.1	SOURCE_DATABASE_GENBANK	Scaffold	59062912	reference genome	current	2021-05-20
344589	Laccaria trichodermophora	GCA_018417965.1	SOURCE_DATABASE_GENBANK	Scaffold	111901891		current	2021-05-20
344589	Laccaria trichodermophora	GCA_018423875.1	SOURCE_DATABASE_GENBANK	Scaffold	93804552		current	2021-05-20
344589	Laccaria trichodermophora	GCA_018423945.1	SOURCE_DATABASE_GENBANK	Scaffold	92785001		current	2021-05-20
416441	Lactarius akahatsu	GCA_021524915.1	SOURCE_DATABASE_GENBANK	Contig	80299772	reference genome	current	2022-01-19
152933	Lactarius blennius	GCA_964235335.1	SOURCE_DATABASE_GENBANK	Chromosome	68853849	reference genome	current	2024-08-31
152933	Lactarius blennius	GCA_964235385.1	SOURCE_DATABASE_GENBANK	Scaffold	67629417		current	2024-08-29
55514	Lactarius deliciosus	GCA_021525775.1	SOURCE_DATABASE_GENBANK	Contig	96043985	reference genome	current	2022-01-19
55514	Lactarius deliciosus	GCA_003316005.1	SOURCE_DATABASE_GENBANK	Scaffold	55286095		current	2018-07-13
55514	Lactarius deliciosus	GCA_006680135.1	SOURCE_DATABASE_GENBANK	Contig	54791043		current	2019-07-05
326039	Lactarius evosmus	GCA_951394315.1	SOURCE_DATABASE_GENBANK	Chromosome	57231665	reference genome	current	2023-05-13
326039	Lactarius evosmus	GCA_951394305.1	SOURCE_DATABASE_GENBANK	Contig	38109202		current	2023-05-13
416442	Lactarius hatsudake	GCA_024734325.1	SOURCE_DATABASE_GENBANK	Contig	76711549	reference genome	current	2022-08-23
416442	Lactarius hatsudake	GCA_003315955.1	SOURCE_DATABASE_GENBANK	Scaffold	73801924		current	2018-07-13
416442	Lactarius hatsudake	GCA_021525005.1	SOURCE_DATABASE_GENBANK	Contig	95464894		current	2022-01-19
1932122	Lactarius hengduanensis	GCA_021525025.1	SOURCE_DATABASE_GENBANK	Contig	61963203	reference genome	current	2022-01-19
222702	Lactarius indigo	GCA_025766275.1	SOURCE_DATABASE_GENBANK	Contig	90316074	reference genome	current	2022-10-20
222702	Lactarius indigo	GCA_003313985.1	SOURCE_DATABASE_GENBANK	Scaffold	76466909		current	2018-07-11
1907521	Lactarius psammicola	GCA_025769895.1	SOURCE_DATABASE_GENBANK	Contig	69824043	reference genome	current	2022-10-20
1932123	Lactarius pseudohatsudake	GCA_021525015.1	SOURCE_DATABASE_GENBANK	Contig	99708583	reference genome	current	2022-01-19
111141	Lactarius quietus	GCA_015025155.1	SOURCE_DATABASE_GENBANK	Contig	115901997	reference genome	current	2020-10-27
111137	Lactarius sanguifluus	GCA_021527775.1	SOURCE_DATABASE_GENBANK	Contig	86230511	reference genome	current	2022-01-19
2175976	Lactarius sp. MG121	GCA_003315925.1	SOURCE_DATABASE_GENBANK	Scaffold	63817975		current	2018-07-13
2175975	Lactarius sp. MG50	GCA_003314065.1	SOURCE_DATABASE_GENBANK	Scaffold	65894916		current	2018-07-11
152947	Lactarius tabidus	GCA_963281015.1	SOURCE_DATABASE_GENBANK	Chromosome	52334816	reference genome	current	2023-08-20
152947	Lactarius tabidus	GCA_963281095.1	SOURCE_DATABASE_GENBANK	Contig	52190645		current	2023-08-20
217427	Lactarius trivialis	GCA_003315845.1	SOURCE_DATABASE_GENBANK	Scaffold	36119023	reference genome	current	2018-07-13
1740625	Lactarius vividus	GCA_021527035.1	SOURCE_DATABASE_GENBANK	Contig	69041955	reference genome	current	2022-01-19
466727	Lednia tumana	GCA_003287335.1	SOURCE_DATABASE_GENBANK	Scaffold	304502267	reference genome	current	2018-07-03
2768093	Lepidocyrtus cf. nigrosetosus NNG-2020	GCA_027744615.1	SOURCE_DATABASE_GENBANK	Scaffold	24895945		current	2023-01-11
2768094	Lepidocyrtus cf. sotoi NNG-2020	GCA_027744475.1	SOURCE_DATABASE_GENBANK	Scaffold	58707818		current	2023-01-11
707887	Lepidocyrtus curvicollis	GCA_964276635.1	SOURCE_DATABASE_GENBANK	Chromosome	200247165	reference genome	current	2024-10-28
707887	Lepidocyrtus curvicollis	GCA_964276625.1	SOURCE_DATABASE_GENBANK	Contig	154084742		current	2024-10-25
247612	Lepidocyrtus cyaneus	GCA_034696785.1	SOURCE_DATABASE_GENBANK	Contig	245520935	reference genome	current	2023-12-27
2583952	Lepidocyrtus fimetarius	GCA_036507315.1	SOURCE_DATABASE_GENBANK	Scaffold	219749763	reference genome	current	2024-02-09
707889	Lepidocyrtus lignorum	GCA_034696835.1	SOURCE_DATABASE_GENBANK	Contig	250812609	reference genome	current	2023-12-27
49179	Lepidocyrtus paradoxus	GCA_034696885.1	SOURCE_DATABASE_GENBANK	Contig	190155294	reference genome	current	2023-12-27
707891	Lepidocyrtus violaceus	GCA_034696905.1	SOURCE_DATABASE_GENBANK	Contig	200145099	reference genome	current	2023-12-27
143735	Leuctra nigra	GCA_934045905.1	SOURCE_DATABASE_GENBANK	Chromosome	536280668	reference genome	current	2022-03-27
143735	Leuctra nigra	GCA_934046545.1	SOURCE_DATABASE_GENBANK	Contig	457972354		current	2022-03-27
43171	Linaria vulgaris	GCA_948329865.1	SOURCE_DATABASE_GENBANK	Chromosome	759825098	reference genome	current	2023-01-28
43171	Linaria vulgaris	GCA_948329855.1	SOURCE_DATABASE_GENBANK	Scaffold	763536397		current	2023-01-28
76578	Lobelia cardinalis	GCA_028566635.1	SOURCE_DATABASE_GENBANK	Scaffold	394862746	reference genome	current	2023-02-09
368684	Lobelia dortmanna	GCA_965199305.1	SOURCE_DATABASE_GENBANK	Chromosome	780100038	reference genome	current	2025-03-13
368684	Lobelia dortmanna	GCA_965198955.1	SOURCE_DATABASE_GENBANK	Scaffold	756827298		current	2025-03-13
1053365	Lobelia urens	GCA_965199505.2	SOURCE_DATABASE_GENBANK	Chromosome	393054755	reference genome	current	2025-03-13
1053365	Lobelia urens	GCA_965199575.2	SOURCE_DATABASE_GENBANK	Chromosome	399233072		current	2025-10-26
630110	Luzula pallescens	GCA_964274315.1	SOURCE_DATABASE_GENBANK	Chromosome	337670911	reference genome	current	2024-11-08
630110	Luzula pallescens	GCA_964274305.1	SOURCE_DATABASE_GENBANK	Contig	14976776		current	2024-11-07
59018	Luzula sylvatica	GCA_946800325.1	SOURCE_DATABASE_GENBANK	Chromosome	444535728	reference genome	current	2022-09-15
59018	Luzula sylvatica	GCA_946800335.1	SOURCE_DATABASE_GENBANK	Scaffold	324892716		current	2022-09-15
169227	Moehringia trinervia	GCA_964106765.1	SOURCE_DATABASE_GENBANK	Chromosome	1244268398	reference genome	current	2024-06-06
169227	Moehringia trinervia	GCA_964106845.1	SOURCE_DATABASE_GENBANK	Scaffold	1242419094		current	2024-06-03
110024	Nebria brevicollis	GCA_944738965.1	SOURCE_DATABASE_GENBANK	Chromosome	241909001	reference genome	current	2022-07-13
110024	Nebria brevicollis	GCA_944739395.1	SOURCE_DATABASE_GENBANK	Scaffold	223348220		current	2022-07-13
2783810	Nebria ingens riversi	GCA_018344505.1	SOURCE_DATABASE_GENBANK	Scaffold	147399399	reference genome	current	2021-05-12
878211	Nebria salina	GCA_944039245.1	SOURCE_DATABASE_GENBANK	Chromosome	256715385	reference genome	current	2022-06-24
878211	Nebria salina	GCA_944039265.1	SOURCE_DATABASE_GENBANK	Contig	219579625		current	2022-06-17
303405	Nitzschia inconspicua	GCA_019154785.2	SOURCE_DATABASE_GENBANK	Contig	99706970	reference genome	current	2021-07-07
303400	Nitzschia palea	GCA_019593585.1	SOURCE_DATABASE_GENBANK	Scaffold	41156031	reference genome	current	2021-08-13
2742595	Nitzschia putrida	GCA_016586335.1	SOURCE_DATABASE_GENBANK	Contig	47133574	reference genome	current	2020-12-09
3041873	Nitzschia sp. DOCU1	GCA_951393995.1	SOURCE_DATABASE_GENBANK	Scaffold	54097145		current	2023-05-13
3041873	Nitzschia sp. DOCU1	GCA_951394045.1	SOURCE_DATABASE_GENBANK	Chromosome	51966319		current	2023-05-13
2041349	Nitzschia sp. Nitz4	GCA_013372465.1	SOURCE_DATABASE_GENBANK	Scaffold	27229399		current	2020-06-24
3034176	Nitzschia sp. pyKryTriq1	GCA_956465555.1	SOURCE_DATABASE_GENBANK	Chromosome	40484363		current	2023-07-14
3034176	Nitzschia sp. pyKryTriq1	GCA_956465565.1	SOURCE_DATABASE_GENBANK	Scaffold	39990705		current	2023-07-15
3398185	Nitzschia sp. sing1	GCA_047456565.1	SOURCE_DATABASE_GENBANK	Contig	40353851		current	2025-02-05
346812	Notiophilus biguttatus	GCA_965642445.1	SOURCE_DATABASE_GENBANK	Chromosome	490357287	reference genome	current	2025-07-19
346812	Notiophilus biguttatus	GCA_965642425.1	SOURCE_DATABASE_GENBANK	Scaffold	506795374		current	2025-07-19
284366	Oxyria digyna	GCA_053567975.1	SOURCE_DATABASE_GENBANK	Chromosome	548593125	reference genome	current	2025-11-19
284366	Oxyria digyna	GCA_029168935.1	SOURCE_DATABASE_GENBANK	Contig	561227150		current	2023-03-13
284366	Oxyria digyna	GCA_053567965.1	SOURCE_DATABASE_GENBANK	Chromosome	539997947		current	2025-11-19
284366	Oxyria digyna	GCA_964035995.1	SOURCE_DATABASE_GENBANK	Chromosome	552120928		current	2024-05-10
284366	Oxyria digyna	GCA_964036005.1	SOURCE_DATABASE_GENBANK	Scaffold	583590125		current	2024-05-10
357465	Papaver armeniacum	GCA_023531295.1	SOURCE_DATABASE_GENBANK	Scaffold	2980240000	reference genome	current	2022-05-23
357466	Papaver atlanticum	GCA_023531105.1	SOURCE_DATABASE_GENBANK	Scaffold	938096308	reference genome	current	2022-05-23
215227	Papaver bracteatum	GCA_023529315.1	SOURCE_DATABASE_GENBANK	Scaffold	2150148553	reference genome	current	2022-05-23
74822	Papaver californicum	GCA_023531435.1	SOURCE_DATABASE_GENBANK	Scaffold	1372414916	reference genome	current	2022-05-23
74823	Papaver nudicaule	GCA_023529015.1	SOURCE_DATABASE_GENBANK	Scaffold	1592934747	reference genome	current	2022-05-23
3469	Papaver somniferum	GCF_003573695.1	SOURCE_DATABASE_REFSEQ	Chromosome	2715377404	reference genome	current	2018-09-18
3469	Papaver somniferum	GCA_003573695.1	SOURCE_DATABASE_GENBANK	Chromosome	2715377404	reference genome	current	2018-09-18
3469	Papaver somniferum	GCA_010119955.1	SOURCE_DATABASE_GENBANK	Chromosome	190070007		current	2020-02-04
3469	Papaver somniferum	GCA_010119995.1	SOURCE_DATABASE_GENBANK	Chromosome	2637752765		current	2020-02-04
2316158	Phialocephala sp. D728	GCA_003988865.1	SOURCE_DATABASE_GENBANK	Scaffold	50315576		current	2018-12-31
576137	Phialocephala subalpina	GCA_900073065.1	SOURCE_DATABASE_GENBANK	Scaffold	69693031	reference genome	current	2016-12-03
153785	Phratora vitellinae	GCA_977071015.1	SOURCE_DATABASE_GENBANK	Chromosome	565066841	reference genome	current	2025-11-29
153785	Phratora vitellinae	GCA_977071055.1	SOURCE_DATABASE_GENBANK	Scaffold	593355600		current	2025-11-29
128015	Platynothrus peltifer	GCA_051820355.1	SOURCE_DATABASE_GENBANK	Scaffold	202584216	reference genome	current	2025-08-05
128015	Platynothrus peltifer	GCA_000988905.1	SOURCE_DATABASE_GENBANK	Scaffold	100532934		current	2015-05-06
128015	Platynothrus peltifer	GCA_034698185.1	SOURCE_DATABASE_GENBANK	Contig	221565194		current	2023-12-27
128015	Platynothrus peltifer	GCA_051820325.1	SOURCE_DATABASE_GENBANK	Scaffold	203271072		current	2025-08-05
93036	Poa annua	GCA_026929855.1	SOURCE_DATABASE_GENBANK	Chromosome	1779762036	reference genome	current	2022-12-16
289077	Poa arachnifera	GCA_047665955.1	SOURCE_DATABASE_GENBANK	Contig	6632030032	reference genome	current	2025-02-11
269367	Poa chaixii	GCA_964215705.1	SOURCE_DATABASE_GENBANK	Chromosome	1422738331	reference genome	current	2024-08-27
269367	Poa chaixii	GCA_964215645.1	SOURCE_DATABASE_GENBANK	Scaffold	1442224531		current	2024-08-27
165094	Poa infirma	GCA_040144145.1	SOURCE_DATABASE_GENBANK	Chromosome	1151728964	reference genome	current	2024-06-13
4545	Poa pratensis	GCA_947311845.1	SOURCE_DATABASE_GENBANK	Scaffold	6136176143	reference genome	current	2022-12-02
289064	Poa supina	GCA_040143895.1	SOURCE_DATABASE_GENBANK	Chromosome	648010102	reference genome	current	2024-06-13
129212	Polytrichastrum alpinum	GCA_048933195.1	SOURCE_DATABASE_GENBANK	Chromosome	498256416	reference genome	current	2025-03-25
752062	Polytrichastrum ohioense	GCA_050002035.1	SOURCE_DATABASE_GENBANK	Scaffold	778969303	reference genome	current	2025-04-29
752065	Polytrichastrum sexangulare	GCA_965127125.2	SOURCE_DATABASE_GENBANK	Chromosome	804093771	reference genome	current	2025-10-26
184183	Primula hirsuta	GCA_965603815.1	SOURCE_DATABASE_GENBANK	Chromosome	1521142265	reference genome	current	2025-07-07
1637976	Primula kwangtungensis	GCA_054094925.1	SOURCE_DATABASE_GENBANK	Chromosome	1289405155	reference genome	current	2025-12-10
175095	Primula scotica	GCA_965240305.1	SOURCE_DATABASE_GENBANK	Chromosome	2627377735	reference genome	current	2025-04-14
175095	Primula scotica	GCA_965240245.1	SOURCE_DATABASE_GENBANK	Chromosome	3144641310		current	2025-04-14
170927	Primula veris	GCA_963682055.1	SOURCE_DATABASE_GENBANK	Chromosome	436168066	reference genome	current	2023-12-06
170927	Primula veris	GCA_000788445.1	SOURCE_DATABASE_GENBANK	Scaffold	309692940		current	2014-12-03
170927	Primula veris	GCA_963682145.1	SOURCE_DATABASE_GENBANK	Contig	372754072		current	2023-12-07
175104	Primula vulgaris	GCA_963920805.1	SOURCE_DATABASE_GENBANK	Chromosome	417752201	reference genome	current	2023-12-25
175104	Primula vulgaris	GCA_001403715.1	SOURCE_DATABASE_GENBANK	Scaffold	1504784		current	2015-10-07
175104	Primula vulgaris	GCA_963920775.1	SOURCE_DATABASE_GENBANK	Contig	454121997		current	2023-12-25
8386	Rhinella marina	GCA_900303285.2	SOURCE_DATABASE_GENBANK	Scaffold	3473313001	reference genome	current	2024-06-11
8386	Rhinella marina	GCA_046766495.1	SOURCE_DATABASE_GENBANK	Scaffold	2829702826		current	2025-01-19
88642	Rhizocarpon geographicum	GCA_964257585.1	SOURCE_DATABASE_GENBANK	Scaffold	27286209	reference genome	current	2024-09-21
1918518	Rhizocarpon subgeminatum	GCA_964255705.1	SOURCE_DATABASE_GENBANK	Scaffold	28485352	reference genome	current	2024-09-21
177636	Rhyacophila brunnea	GCA_022495005.1	SOURCE_DATABASE_GENBANK	Scaffold	1086872238	reference genome	current	2022-03-07
1875977	Rhyacophila evoluta	GCA_022683975.1	SOURCE_DATABASE_GENBANK	Scaffold	565818603	reference genome	current	2022-03-23
1875977	Rhyacophila evoluta	GCA_022494875.2	SOURCE_DATABASE_GENBANK	Scaffold	562533484		current	2022-03-17
2994438	Rhyacophila sp. 25_7	GCA_036584705.1	SOURCE_DATABASE_GENBANK	Scaffold	643978884		current	2024-02-13
2994440	Rhyacophila sp. Rhy_31_5	GCA_036584685.1	SOURCE_DATABASE_GENBANK	Scaffold	710582504		current	2024-02-13
1053388	Rumex azoricus	GCA_040496175.1	SOURCE_DATABASE_GENBANK	Scaffold	1285719180	reference genome	current	2024-07-03
242533	Rumex bucephalophorus	GCA_049309485.1	SOURCE_DATABASE_GENBANK	Chromosome	2131199824	reference genome	current	2025-04-05
273503	Rumex hastatulus	GCA_053572225.1	SOURCE_DATABASE_GENBANK	Chromosome	1510284419	reference genome	current	2025-11-20
273503	Rumex hastatulus	GCA_053572215.1	SOURCE_DATABASE_GENBANK	Chromosome	1719829890		current	2025-11-20
1234504	Rumex salicifolius	GCA_051903605.1	SOURCE_DATABASE_GENBANK	Scaffold	582853573	reference genome	current	2025-08-08
242528	Rumex scutatus	GCA_046244935.1	SOURCE_DATABASE_GENBANK	Scaffold	1631492059	reference genome	current	2024-12-21
32119	Rumohra adiantiformis	GCA_033807815.1	SOURCE_DATABASE_GENBANK	Scaffold	2307496354	reference genome	current	2023-11-20
482377	Russula abietina	GCA_003313715.1	SOURCE_DATABASE_GENBANK	Scaffold	53599711	reference genome	current	2018-07-11
2017508	Russula aff. compacta	GCA_003313875.1	SOURCE_DATABASE_GENBANK	Scaffold	75580499		current	2018-07-11
3163303	Russula aff. farinipes	GCA_964199335.1	SOURCE_DATABASE_GENBANK	Chromosome	38985979		current	2024-07-13
3163303	Russula aff. farinipes	GCA_964199345.1	SOURCE_DATABASE_GENBANK	Contig	7009317		current	2024-07-12
1897646	Russula aff. rugulosa BPL654	GCA_022496225.1	SOURCE_DATABASE_GENBANK	Contig	43452339		current	2022-03-07
98861	Russula brevipes	GCA_022496215.1	SOURCE_DATABASE_GENBANK	Contig	48529157	reference genome	current	2022-03-07
40490	Russula compacta	GCA_022376555.1	SOURCE_DATABASE_GENBANK	Contig	45678814	reference genome	current	2022-02-23
111140	Russula delica	GCA_965112905.1	SOURCE_DATABASE_GENBANK	Chromosome	49022622	reference genome	current	2025-01-24
111140	Russula delica	GCA_965112885.1	SOURCE_DATABASE_GENBANK	Scaffold	47793101		current	2025-01-24
258981	Russula dissimulans	GCA_022376545.1	SOURCE_DATABASE_GENBANK	Contig	44689478	reference genome	current	2022-02-23
71964	Russula earlei	GCA_025769875.1	SOURCE_DATABASE_GENBANK	Contig	70012961	reference genome	current	2022-10-20
152958	Russula emetica	GCA_015178925.1	SOURCE_DATABASE_GENBANK	Contig	55121418	reference genome	current	2020-11-02
1033783	Russula faginea	GCA_964330295.1	SOURCE_DATABASE_GENBANK	Chromosome	41716408	reference genome	current	2024-11-07
1033783	Russula faginea	GCA_964330345.1	SOURCE_DATABASE_GENBANK	Scaffold	37165973		current	2024-11-07
131541	Russula foetens	GCA_003316565.1	SOURCE_DATABASE_GENBANK	Scaffold	49881810	reference genome	current	2018-07-13
176794	Russula gracillima	GCA_975961605.1	SOURCE_DATABASE_GENBANK	Chromosome	41361926	reference genome	current	2025-10-07
176794	Russula gracillima	GCA_975967265.1	SOURCE_DATABASE_GENBANK	Contig	15210896		current	2025-10-26
466936	Russula griseocarnosa	GCA_022884055.1	SOURCE_DATABASE_GENBANK	Scaffold	50605217	reference genome	current	2022-04-11
466936	Russula griseocarnosa	GCA_004801975.1	SOURCE_DATABASE_GENBANK	Contig	64806159		current	2019-04-22
152963	Russula lepida	GCA_003316425.1	SOURCE_DATABASE_GENBANK	Scaffold	41450637	reference genome	current	2018-07-13
152964	Russula nigricans	GCA_964656355.1	SOURCE_DATABASE_GENBANK	Chromosome	45011098	reference genome	current	2024-12-20
152964	Russula nigricans	GCA_964656295.1	SOURCE_DATABASE_GENBANK	Chromosome	44205378		current	2025-01-02
152965	Russula ochroleuca	GCA_015178965.1	SOURCE_DATABASE_GENBANK	Contig	44738512	reference genome	current	2020-11-02
152966	Russula olivacea	GCA_963926505.1	SOURCE_DATABASE_GENBANK	Chromosome	38334703	reference genome	current	2024-01-28
152966	Russula olivacea	GCA_963926515.1	SOURCE_DATABASE_GENBANK	Contig	37782865		current	2024-01-29
2175969	Russula sp. MG48	GCA_003313725.1	SOURCE_DATABASE_GENBANK	Scaffold	64797397		current	2018-07-11
152972	Russula vesca	GCA_965121685.1	SOURCE_DATABASE_GENBANK	Chromosome	55098841	reference genome	current	2025-02-11
152972	Russula vesca	GCA_965121735.1	SOURCE_DATABASE_GENBANK	Scaffold	56828736		current	2025-02-10
517384	Russula vinacea	GCA_022376525.1	SOURCE_DATABASE_GENBANK	Contig	43280073	reference genome	current	2022-02-23
71688	Russula virescens	GCA_042920275.1	SOURCE_DATABASE_GENBANK	Contig	55567628	reference genome	current	2024-10-10
71688	Russula virescens	GCA_003316435.1	SOURCE_DATABASE_GENBANK	Scaffold	64394182		current	2018-07-13
1149847	Salix arbuscula	GCA_976941345.1	SOURCE_DATABASE_GENBANK	Chromosome	374109080	reference genome	current	2025-10-26
1149847	Salix arbuscula	GCA_976941465.1	SOURCE_DATABASE_GENBANK	Contig	303751740		current	2025-10-26
75699	Salix arbutifolia	GCA_025169955.1	SOURCE_DATABASE_GENBANK	Chromosome	338887006	reference genome	current	2022-09-14
75699	Salix arbutifolia	GCA_021905355.1	SOURCE_DATABASE_GENBANK	Chromosome	324001271		current	2022-02-03
75699	Salix arbutifolia	GCA_033724115.1	SOURCE_DATABASE_GENBANK	Scaffold	336056181		current	2023-10-25
75706	Salix babylonica	GCA_040801835.1	SOURCE_DATABASE_GENBANK	Chromosome	654326345	reference genome	current	2024-07-22
75706	Salix babylonica	GCA_040802785.1	SOURCE_DATABASE_GENBANK	Chromosome	630734209		current	2024-07-22
2182728	Salix brachista	GCA_049639585.1	SOURCE_DATABASE_GENBANK	Chromosome	401494730	reference genome	current	2025-04-15
2182728	Salix brachista	GCA_009078335.1	SOURCE_DATABASE_GENBANK	Chromosome	338822942		current	2019-10-22
2182728	Salix brachista	GCA_049639495.1	SOURCE_DATABASE_GENBANK	Chromosome	386222989		current	2025-04-15
172267	Salix caprea	GCA_964035475.1	SOURCE_DATABASE_GENBANK	Chromosome	389070326	reference genome	current	2024-04-29
172267	Salix caprea	GCA_964035485.1	SOURCE_DATABASE_GENBANK	Scaffold	373453066		current	2024-04-28
470278	Salix cinerea	GCA_965260955.1	SOURCE_DATABASE_GENBANK	Chromosome	386716079	reference genome	current	2025-04-27
470278	Salix cinerea	GCA_965260915.1	SOURCE_DATABASE_GENBANK	Scaffold	1004230957		current	2025-04-27
1413687	Salix dunnii	GCA_040801865.1	SOURCE_DATABASE_GENBANK	Complete Genome	335997017	reference genome	current	2024-07-22
1413687	Salix dunnii	GCA_015731905.1	SOURCE_DATABASE_GENBANK	Chromosome	327222375		current	2020-12-11
1413687	Salix dunnii	GCA_040801895.1	SOURCE_DATABASE_GENBANK	Complete Genome	323425075		current	2024-07-22
77062	Salix exigua	GCA_032356905.1	SOURCE_DATABASE_GENBANK	Chromosome	339212153	reference genome	current	2023-10-06
77062	Salix exigua	GCA_032356915.1	SOURCE_DATABASE_GENBANK	Contig	364813252		current	2023-10-04
77064	Salix herbacea	GCA_965644465.1	SOURCE_DATABASE_GENBANK	Chromosome	421427913	reference genome	current	2025-07-28
77064	Salix herbacea	GCA_965644525.1	SOURCE_DATABASE_GENBANK	Scaffold	387358473		current	2025-07-28
2511006	Salix koriyanagi	GCA_029228605.1	SOURCE_DATABASE_GENBANK	Chromosome	339126720	reference genome	current	2023-03-20
218388	Salix lanata	GCA_976975055.1	SOURCE_DATABASE_GENBANK	Chromosome	374785058	reference genome	current	2025-10-26
218388	Salix lanata	GCA_976974245.1	SOURCE_DATABASE_GENBANK	Scaffold	360924278		current	2025-10-26
77065	Salix purpurea	GCA_027405865.1	SOURCE_DATABASE_GENBANK	Chromosome	405530279	reference genome	current	2023-01-03
77065	Salix purpurea	GCA_027405885.1	SOURCE_DATABASE_GENBANK	Chromosome	439632677		current	2022-12-28
77065	Salix purpurea	GCA_028671905.1	SOURCE_DATABASE_GENBANK	Contig	439632677		current	2023-02-17
77065	Salix purpurea	GCA_028671915.1	SOURCE_DATABASE_GENBANK	Contig	405530279		current	2023-02-17
77065	Salix purpurea	GCA_029228495.1	SOURCE_DATABASE_GENBANK	Chromosome	332369151		current	2023-03-20
77065	Salix purpurea	GCA_029532655.1	SOURCE_DATABASE_GENBANK	Chromosome	329220334		current	2023-04-18
467613	Salix repens	GCA_965260945.1	SOURCE_DATABASE_GENBANK	Chromosome	363734021	reference genome	current	2025-04-27
467613	Salix repens	GCA_965260975.1	SOURCE_DATABASE_GENBANK	Chromosome	349326274		current	2025-04-27
75717	Salix reticulata	GCA_965648395.1	SOURCE_DATABASE_GENBANK	Chromosome	396193108	reference genome	current	2025-07-28
75717	Salix reticulata	GCA_965648525.1	SOURCE_DATABASE_GENBANK	Scaffold	393952194		current	2025-07-28
1278906	Salix suchowensis	GCA_029030765.1	SOURCE_DATABASE_GENBANK	Chromosome	382054263	reference genome	current	2023-03-14
1278906	Salix suchowensis	GCA_017552425.1	SOURCE_DATABASE_GENBANK	Chromosome	355718341		current	2021-03-24
1278906	Salix suchowensis	GCA_025604615.1	SOURCE_DATABASE_GENBANK	Scaffold	300095683		current	2022-10-06
1278906	Salix suchowensis	GCA_029030645.1	SOURCE_DATABASE_GENBANK	Chromosome	375803657		current	2023-03-14
1278906	Salix suchowensis	GCA_029030655.1	SOURCE_DATABASE_GENBANK	Chromosome	369251252		current	2023-03-14
889485	Salix udensis	GCA_029204005.1	SOURCE_DATABASE_GENBANK	Chromosome	315873059	reference genome	current	2023-03-14
40686	Salix viminalis	GCA_965648455.1	SOURCE_DATABASE_GENBANK	Chromosome	303328504	reference genome	current	2025-07-28
40686	Salix viminalis	GCA_029228465.1	SOURCE_DATABASE_GENBANK	Chromosome	282582452		current	2023-03-20
40686	Salix viminalis	GCA_965648405.1	SOURCE_DATABASE_GENBANK	Chromosome	302872654		current	2025-07-28
102714	Saxifraga aizoides	GCA_965199075.1	SOURCE_DATABASE_GENBANK	Chromosome	1445080489	reference genome	current	2025-03-13
102714	Saxifraga aizoides	GCA_965199195.1	SOURCE_DATABASE_GENBANK	Scaffold	1438942786		current	2025-03-13
29771	Saxifraga oppositifolia	GCA_032718425.1	SOURCE_DATABASE_GENBANK	Scaffold	1325903	reference genome	current	2023-10-16
88878	Saxifraga vayredana	GCA_977964015.1	SOURCE_DATABASE_GENBANK	Chromosome	542591247	reference genome	current	2025-12-17
23028	Sedum acre	GCA_966183415.1	SOURCE_DATABASE_GENBANK	Chromosome	666176718	reference genome	current	2025-08-23
23028	Sedum acre	GCA_966183405.1	SOURCE_DATABASE_GENBANK	Chromosome	643032966		current	2025-08-23
23029	Sedum album	GCA_006409495.1	SOURCE_DATABASE_GENBANK	Contig	302250854	reference genome	current	2019-06-24
121540	Senecio aethnensis	GCA_965282855.1	SOURCE_DATABASE_GENBANK	Chromosome	676054498	reference genome	current	2025-05-18
121540	Senecio aethnensis	GCA_965283205.1	SOURCE_DATABASE_GENBANK	Scaffold	677794266		current	2025-05-18
121554	Senecio squalidus	GCA_910822075.1	SOURCE_DATABASE_GENBANK	Scaffold	652011524	reference genome	current	2022-02-18
121554	Senecio squalidus	GCA_910821995.1	SOURCE_DATABASE_GENBANK	Scaffold	161158903		current	2022-02-18
121557	Senecio sylvaticus	GCA_965199645.1	SOURCE_DATABASE_GENBANK	Chromosome	1815561282	reference genome	current	2025-03-14
121557	Senecio sylvaticus	GCA_965199475.1	SOURCE_DATABASE_GENBANK	Chromosome	1770530336		current	2025-03-14
85882	Senecio viscosus	GCA_965637395.1	SOURCE_DATABASE_GENBANK	Chromosome	2015832850	reference genome	current	2025-07-09
85882	Senecio viscosus	GCA_965637505.1	SOURCE_DATABASE_GENBANK	Scaffold	1989935405		current	2025-07-10
39875	Silene conica	GCA_029255685.2	SOURCE_DATABASE_GENBANK	Chromosome	875227194	reference genome	current	2023-09-29
42034	Silene coronaria	GCA_028566215.1	SOURCE_DATABASE_GENBANK	Scaffold	624287860	reference genome	current	2023-02-09
37657	Silene latifolia	GCF_048544455.1	SOURCE_DATABASE_REFSEQ	Chromosome	2716323241	reference genome	current	2025-03-12
37657	Silene latifolia	GCA_003260165.1	SOURCE_DATABASE_GENBANK	Scaffold	1185087342		current	2018-06-22
37657	Silene latifolia	GCA_048544455.1	SOURCE_DATABASE_GENBANK	Chromosome	2716323241	reference genome	current	2025-03-12
37657	Silene latifolia	GCA_900095335.1	SOURCE_DATABASE_GENBANK	Contig	36048551		current	2016-11-05
52853	Silene latifolia subsp. alba	GCA_001412135.1	SOURCE_DATABASE_GENBANK	Scaffold	665278925		current	2015-10-23
39899	Silene noctiflora	GCA_009801015.1	SOURCE_DATABASE_GENBANK	Scaffold	2598314000	reference genome	current	2019-12-27
1857566	Silene undulata	GCA_036897945.1	SOURCE_DATABASE_GENBANK	Contig	586739622	reference genome	current	2024-02-28
39919	Silene uniflora	GCA_018983105.1	SOURCE_DATABASE_GENBANK	Scaffold	769231190	reference genome	current	2021-06-21
42043	Silene vulgaris	GCA_036897335.1	SOURCE_DATABASE_GENBANK	Contig	370039588	reference genome	current	2024-02-28
350623	Stereocaulon alpinum	GCA_018257865.1	SOURCE_DATABASE_GENBANK	Scaffold	38279440	reference genome	current	2021-05-04
174043	Stereocaulon dactylophyllum	GCA_964254575.1	SOURCE_DATABASE_GENBANK	Scaffold	26702899	reference genome	current	2024-09-21
373712	Stereocaulon virgatum	GCA_042464655.1	SOURCE_DATABASE_GENBANK	Contig	34633141	reference genome	current	2024-09-30
198303	Tectocepheus sarekensis	GCA_034700505.1	SOURCE_DATABASE_GENBANK	Contig	80558644	reference genome	current	2023-12-27
229869	Tectocepheus velatus	GCA_034700625.1	SOURCE_DATABASE_GENBANK	Contig	118622841	reference genome	current	2023-12-27
164538	Tetracladium marchalianum	GCA_037074945.2	SOURCE_DATABASE_GENBANK	Contig	33345356	reference genome	current	2025-01-19
164539	Tetracladium maxilliforme	GCA_037074925.2	SOURCE_DATABASE_GENBANK	Contig	35330061	reference genome	current	2025-01-19
164540	Tetracladium setigerum	GCA_031472005.1	SOURCE_DATABASE_GENBANK	Scaffold	39220606	reference genome	current	2023-09-14
2785798	Tetracladium sp. T11_2_10C	GCA_017654775.1	SOURCE_DATABASE_GENBANK	Contig	10661670		current	2021-03-31
414939	Thanatophilus sinuatus	GCA_051122355.1	SOURCE_DATABASE_GENBANK	Chromosome	288948613	reference genome	current	2025-06-27
654496	Thelephora aurantiotincta	GCA_003316405.1	SOURCE_DATABASE_GENBANK	Scaffold	29413264	reference genome	current	2018-07-13
370292	Thelephora ganbajun	GCA_014904855.1	SOURCE_DATABASE_GENBANK	Scaffold	36335475	reference genome	current	2020-10-20
56493	Thelephora terrestris	GCA_015956445.1	SOURCE_DATABASE_GENBANK	Contig	40733037	reference genome	current	2020-12-08
157179	Tilletia bromi	GCA_045933385.1	SOURCE_DATABASE_GENBANK	Contig	29006365	reference genome	current	2024-12-10
157179	Tilletia bromi	GCA_045933375.1	SOURCE_DATABASE_GENBANK	Contig	28906536		current	2024-12-10
13290	Tilletia caries	GCA_032718865.1	SOURCE_DATABASE_GENBANK	Scaffold	38181211	reference genome	current	2023-10-16
13290	Tilletia caries	GCA_001645005.2	SOURCE_DATABASE_GENBANK	Scaffold	28142201		current	2019-10-30
13290	Tilletia caries	GCA_004334575.1	SOURCE_DATABASE_GENBANK	Contig	35802276		current	2019-03-08
13290	Tilletia caries	GCA_045931885.1	SOURCE_DATABASE_GENBANK	Contig	27899296		current	2024-12-10
13290	Tilletia caries	GCA_045931925.1	SOURCE_DATABASE_GENBANK	Contig	27748008		current	2024-12-10
13290	Tilletia caries	GCA_045932045.1	SOURCE_DATABASE_GENBANK	Contig	27699195		current	2024-12-10
13290	Tilletia caries	GCA_045932075.1	SOURCE_DATABASE_GENBANK	Contig	27350684		current	2024-12-10
13290	Tilletia caries	GCA_045932095.1	SOURCE_DATABASE_GENBANK	Contig	27664035		current	2024-12-10
13290	Tilletia caries	GCA_045932105.1	SOURCE_DATABASE_GENBANK	Contig	27331350		current	2024-12-10
13290	Tilletia caries	GCA_045932125.1	SOURCE_DATABASE_GENBANK	Contig	27719757		current	2024-12-10
13290	Tilletia caries	GCA_045932215.1	SOURCE_DATABASE_GENBANK	Contig	27326067		current	2024-12-10
13290	Tilletia caries	GCA_045934525.1	SOURCE_DATABASE_GENBANK	Contig	26377762		current	2024-12-10
13290	Tilletia caries	GCA_905068135.1	SOURCE_DATABASE_GENBANK	Scaffold	31849506		current	2022-02-18
13290	Tilletia caries	GCA_905071735.1	SOURCE_DATABASE_GENBANK	Scaffold	30466127		current	2022-02-18
13290	Tilletia caries	GCA_905071745.1	SOURCE_DATABASE_GENBANK	Scaffold	31386298		current	2022-02-18
13290	Tilletia caries	GCA_905072865.1	SOURCE_DATABASE_GENBANK	Scaffold	31511149		current	2022-02-18
13291	Tilletia controversa	GCA_905071765.1	SOURCE_DATABASE_GENBANK	Scaffold	49872806	reference genome	current	2022-02-18
13291	Tilletia controversa	GCA_001645045.2	SOURCE_DATABASE_GENBANK	Scaffold	29878810		current	2019-10-30
13291	Tilletia controversa	GCA_009428265.1	SOURCE_DATABASE_GENBANK	Scaffold	28565061		current	2019-10-30
13291	Tilletia controversa	GCA_045932205.1	SOURCE_DATABASE_GENBANK	Contig	27692425		current	2024-12-10
13291	Tilletia controversa	GCA_045934305.1	SOURCE_DATABASE_GENBANK	Contig	25291324		current	2024-12-10
13291	Tilletia controversa	GCA_045934345.1	SOURCE_DATABASE_GENBANK	Contig	24825917		current	2024-12-10
13291	Tilletia controversa	GCA_045934465.1	SOURCE_DATABASE_GENBANK	Contig	26693341		current	2024-12-10
13291	Tilletia controversa	GCA_905071705.1	SOURCE_DATABASE_GENBANK	Scaffold	31249642		current	2022-02-18
13291	Tilletia controversa	GCA_905071725.1	SOURCE_DATABASE_GENBANK	Scaffold	32055341		current	2022-02-18
13291	Tilletia controversa	GCA_905071775.1	SOURCE_DATABASE_GENBANK	Scaffold	29542762		current	2022-02-18
13291	Tilletia controversa	GCA_905071785.1	SOURCE_DATABASE_GENBANK	Scaffold	30830153		current	2022-02-18
157181	Tilletia fusca	GCA_045933415.1	SOURCE_DATABASE_GENBANK	Contig	28916170	reference genome	current	2024-12-10
157181	Tilletia fusca	GCA_045933405.1	SOURCE_DATABASE_GENBANK	Contig	30517885		current	2024-12-10
157182	Tilletia goloskokovii	GCA_045931945.1	SOURCE_DATABASE_GENBANK	Contig	28154194	reference genome	current	2024-12-10
155126	Tilletia horrida	GCA_001006505.1	SOURCE_DATABASE_GENBANK	Scaffold	20105270	reference genome	current	2015-05-14
155126	Tilletia horrida	GCA_030462655.1	SOURCE_DATABASE_GENBANK	Contig	26739969		current	2023-07-14
155126	Tilletia horrida	GCA_030462665.1	SOURCE_DATABASE_GENBANK	Contig	26500065		current	2023-07-14
155126	Tilletia horrida	GCA_030462675.1	SOURCE_DATABASE_GENBANK	Contig	26828620		current	2023-07-14
155126	Tilletia horrida	GCA_030462685.1	SOURCE_DATABASE_GENBANK	Contig	26898230		current	2023-07-14
155126	Tilletia horrida	GCA_030462695.1	SOURCE_DATABASE_GENBANK	Contig	20495163		current	2023-07-14
155126	Tilletia horrida	GCA_030462715.1	SOURCE_DATABASE_GENBANK	Contig	20528022		current	2023-07-14
155126	Tilletia horrida	GCA_030504495.1	SOURCE_DATABASE_GENBANK	Contig	20521873		current	2023-07-14
155126	Tilletia horrida	GCA_045934325.1	SOURCE_DATABASE_GENBANK	Contig	25053454		current	2024-12-10
155126	Tilletia horrida	GCA_045934385.1	SOURCE_DATABASE_GENBANK	Contig	25839181		current	2024-12-10
43049	Tilletia indica	GCA_001689995.1	SOURCE_DATABASE_GENBANK	Scaffold	37460344	reference genome	current	2016-07-20
43049	Tilletia indica	GCA_001645015.2	SOURCE_DATABASE_GENBANK	Scaffold	28953272		current	2019-10-30
43049	Tilletia indica	GCA_001689945.1	SOURCE_DATABASE_GENBANK	Contig	37216861		current	2016-07-20
43049	Tilletia indica	GCA_001689965.1	SOURCE_DATABASE_GENBANK	Scaffold	43736635		current	2016-07-20
43049	Tilletia indica	GCA_002220835.1	SOURCE_DATABASE_GENBANK	Scaffold	33771691		current	2017-07-18
43049	Tilletia indica	GCA_002997305.1	SOURCE_DATABASE_GENBANK	Scaffold	31836179		current	2018-03-14
43049	Tilletia indica	GCA_003054935.1	SOURCE_DATABASE_GENBANK	Contig	26500270		current	2018-04-17
43049	Tilletia indica	GCA_009428345.1	SOURCE_DATABASE_GENBANK	Scaffold	29678000		current	2019-10-30
43049	Tilletia indica	GCA_009428365.1	SOURCE_DATABASE_GENBANK	Scaffold	28967515		current	2019-10-30
157183	Tilletia laevis	GCA_009428275.1	SOURCE_DATABASE_GENBANK	Scaffold	28777633	reference genome	current	2019-10-30
157183	Tilletia laevis	GCA_009428285.1	SOURCE_DATABASE_GENBANK	Scaffold	28279804		current	2019-10-30
157183	Tilletia laevis	GCA_045931865.1	SOURCE_DATABASE_GENBANK	Contig	27905950		current	2024-12-10
157183	Tilletia laevis	GCA_045931905.1	SOURCE_DATABASE_GENBANK	Contig	27673101		current	2024-12-10
157183	Tilletia laevis	GCA_045933395.1	SOURCE_DATABASE_GENBANK	Contig	27585026		current	2024-12-10
157183	Tilletia laevis	GCA_905071715.1	SOURCE_DATABASE_GENBANK	Scaffold	31001062		current	2022-02-18
157183	Tilletia laevis	GCA_905071755.1	SOURCE_DATABASE_GENBANK	Scaffold	30985200		current	2022-02-18
1031713	Tilletia maclaganii	GCA_052422275.1	SOURCE_DATABASE_GENBANK	Contig	42785591	reference genome	current	2025-09-03
315503	Tilletia rugispora	GCA_045934365.1	SOURCE_DATABASE_GENBANK	Contig	24323614	reference genome	current	2024-12-10
168555	Tilletia setariae	GCA_023634365.1	SOURCE_DATABASE_GENBANK	Contig	23617053	reference genome	current	2022-06-01
117179	Tilletia walkeri	GCA_009428295.1	SOURCE_DATABASE_GENBANK	Scaffold	24274610	reference genome	current	2019-10-30
117179	Tilletia walkeri	GCA_001645055.2	SOURCE_DATABASE_GENBANK	Scaffold	23943196		current	2019-10-30
2881124	Tipula confusa	GCA_963556175.1	SOURCE_DATABASE_GENBANK	Chromosome	728102519	reference genome	current	2023-12-07
2881124	Tipula confusa	GCA_963556025.1	SOURCE_DATABASE_GENBANK	Scaffold	697539790		current	2023-10-08
2719107	Tipula fascipennis	GCA_965151645.1	SOURCE_DATABASE_GENBANK	Chromosome	1137007198	reference genome	current	2025-02-15
2719107	Tipula fascipennis	GCA_965151625.1	SOURCE_DATABASE_GENBANK	Scaffold	1057377298		current	2025-02-15
2867262	Tipula helvola	GCA_963556165.1	SOURCE_DATABASE_GENBANK	Chromosome	1204747486	reference genome	current	2023-12-07
2867262	Tipula helvola	GCA_963556125.1	SOURCE_DATABASE_GENBANK	Scaffold	1042155348		current	2023-10-08
2025111	Tipula lateralis	GCA_963932295.1	SOURCE_DATABASE_GENBANK	Chromosome	701319157	reference genome	current	2024-02-07
2025111	Tipula lateralis	GCA_963932235.1	SOURCE_DATABASE_GENBANK	Scaffold	707464014		current	2024-02-07
312236	Tipula oleracea	GCA_001017535.1	SOURCE_DATABASE_GENBANK	Scaffold	541697276	reference genome	current	2015-06-01
2736688	Tipula scripta	GCA_965197115.1	SOURCE_DATABASE_GENBANK	Chromosome	599163531	reference genome	current	2025-03-10
2736688	Tipula scripta	GCA_965197065.1	SOURCE_DATABASE_GENBANK	Chromosome	612046626		current	2025-03-10
2867263	Tipula unca	GCA_951394425.1	SOURCE_DATABASE_GENBANK	Chromosome	692206499	reference genome	current	2023-06-16
2867263	Tipula unca	GCA_951394375.1	SOURCE_DATABASE_GENBANK	Contig	705570003		current	2023-05-13
2741129	Tipula vernalis	GCA_958295665.1	SOURCE_DATABASE_GENBANK	Chromosome	1272252786	reference genome	current	2023-07-06
2741129	Tipula vernalis	GCA_958295445.1	SOURCE_DATABASE_GENBANK	Scaffold	1250171734		current	2023-07-06
660911	uncultured Chrysochromulina	GCA_947538835.1	SOURCE_DATABASE_GENBANK	Contig	59711118		current	2023-04-19
660911	uncultured Chrysochromulina	GCA_947538845.1	SOURCE_DATABASE_GENBANK	Contig	59972424		current	2023-04-19
287362	Zygaena angelicae	GCA_977845545.1	SOURCE_DATABASE_GENBANK	Chromosome	440191534	reference genome	current	2026-01-18
287365	Zygaena armena	GCA_964264925.1	SOURCE_DATABASE_GENBANK	Chromosome	435680217	reference genome	current	2024-09-21
287365	Zygaena armena	GCA_964264795.1	SOURCE_DATABASE_GENBANK	Scaffold	436950271		current	2024-09-21
287238	Zygaena carniolica	GCA_964261665.1	SOURCE_DATABASE_GENBANK	Chromosome	353387790	reference genome	current	2024-09-10
287238	Zygaena carniolica	GCA_964261595.1	SOURCE_DATABASE_GENBANK	Scaffold	323681259		current	2024-09-07
287367	Zygaena dorycnii	GCA_964275295.1	SOURCE_DATABASE_GENBANK	Chromosome	425581643	reference genome	current	2024-10-28
287367	Zygaena dorycnii	GCA_964275255.1	SOURCE_DATABASE_GENBANK	Scaffold	423291005		current	2024-10-25
287373	Zygaena exulans	GCA_964261585.1	SOURCE_DATABASE_GENBANK	Chromosome	366422188	reference genome	current	2024-09-10
287373	Zygaena exulans	GCA_964261605.1	SOURCE_DATABASE_GENBANK	Scaffold	337560608		current	2024-09-07
287248	Zygaena fausta	GCA_964505435.1	SOURCE_DATABASE_GENBANK	Chromosome	432358648	reference genome	current	2025-03-05
287248	Zygaena fausta	GCA_964505075.1	SOURCE_DATABASE_GENBANK	Scaffold	434163115		current	2024-12-08
287375	Zygaena filipendulae	GCA_907165275.2	SOURCE_DATABASE_GENBANK	Chromosome	365930723	reference genome	current	2021-11-18
287375	Zygaena filipendulae	GCA_907165265.2	SOURCE_DATABASE_GENBANK	Contig	342800128		current	2021-11-18
287375	Zygaena filipendulae	GCA_964271865.1	SOURCE_DATABASE_GENBANK	Scaffold	352089735		current	2024-10-02
287375	Zygaena filipendulae	GCA_964271875.1	SOURCE_DATABASE_GENBANK	Chromosome	352719888		current	2024-10-03
287327	Zygaena laeta	GCA_976954175.1	SOURCE_DATABASE_GENBANK	Chromosome	362567023	reference genome	current	2025-10-08
287345	Zygaena purpuralis	GCA_964270835.1	SOURCE_DATABASE_GENBANK	Chromosome	429520078	reference genome	current	2024-09-29
287345	Zygaena purpuralis	GCA_964270605.1	SOURCE_DATABASE_GENBANK	Scaffold	399584027		current	2024-09-29
287354	Zygaena sarpedon	GCA_964338965.1	SOURCE_DATABASE_GENBANK	Chromosome	342175356	reference genome	current	2024-11-09
287354	Zygaena sarpedon	GCA_964339015.1	SOURCE_DATABASE_GENBANK	Scaffold	341530961		current	2024-11-09
